0,0,,
3.47222E-06,6.81E-08,,
3.66675E-06,7.21E-08,,
4.05581E-06,8.06E-08,,
4.83393E-06,1.00E-07,,
6.39017E-06,1.49E-07,,
9.50266E-06,2.89E-07,,
1.52378E-05,6.89E-07,,
2.29757E-05,1.52035E-06,,
3.5171E-05,3.50956E-06,,
5.26391E-05,7.79501E-06,,
7.96481E-05,1.77139E-05,,
0.000119526,3.9545E-05,,
0.000180561,8.90804E-05,,
0.000272265,0.000198427,,
0.000413167,0.000441229,,
0.000630318,0.000964709,,
0.000977121,0.002052502,,
0.001324343,0.003266821,,
0.001671566,0.004383976,,
0.002018788,0.005209397,,
0.00236601,0.005596595,,
0.002713232,0.005459456,,
0.003060454,0.004776471,,
0.003407677,0.00358754,,
0.003754899,0.001984683,,
0.004102121,9.84256E-05,,
0.004449343,-0.001918174,,
0.004796566,-0.00390591,,
0.005143788,-0.005714546,,
0.00549101,-0.007215335,,
0.005838232,-0.008310096,,
0.006185454,-0.008936442,,
0.006532677,-0.009069236,,
0.006879899,-0.008718678,,
0.007227121,-0.007925718,,
0.007574343,-0.006755623,,
0.007921566,-0.005290576,,
0.008268788,-0.003622126,,
0.00861601,-0.001844168,,
0.008963232,-4.69723E-05,,
0.009310454,0.001687434,,
0.009657677,0.003288426,,
0.010004899,0.004698523,,
0.010352121,0.005873916,,
0.010699343,0.006784048,,
0.011046566,0.007410549,,
0.011393788,0.007745844,,
0.01174101,0.007791676,,
0.012088232,0.007557753,,
0.012435454,0.007060629,,
0.012782677,0.006322853,,
0.013129899,0.005372379,,
0.013477121,0.004242124,,
0.013824343,0.002969597,,
0.014171566,0.001596457,,
0.014518788,0.000167895,,
0.01486601,-0.001268229,,
0.015213232,-0.00266255,,
0.015560454,-0.003965657,,
0.015907677,-0.005129796,,
0.016254899,-0.006110742,,
0.016602121,-0.006869728,,
0.016949343,-0.007375291,,
0.017296566,-0.007604924,,
0.017643788,-0.007546391,,
0.01799101,-0.007198621,,
0.018338232,-0.006572091,,
0.018685454,-0.005688667,,
0.019032677,-0.004580901,,
0.019379899,-0.0032908,,
0.019727121,-0.001868146,,
0.020074343,-0.000368441,,
0.020421566,0.001149415,,
0.020768788,0.00262559,,
0.02111601,0.004001816,,
0.021463232,0.005223806,,
0.021810454,0.006243465,,
0.022157677,0.00702082,,
0.022504899,0.007525588,,
0.022852121,0.007738326,,
0.023199343,0.007651125,,
0.023546566,0.007267838,,
0.023893788,0.00660384,,
0.02424101,0.005685345,,
0.024588232,0.004548318,,
0.024935454,0.003237021,,
0.025282677,0.001802271,,
0.025629899,0.000299459,,
0.025977121,-0.001213574,,
0.026324343,-0.002678749,,
0.026671566,-0.004039949,,
0.027018788,-0.005245132,,
0.02736601,-0.006248294,,
0.027713232,-0.007011194,,
0.028060454,-0.007504794,,
0.028407677,-0.007710344,,
0.028754899,-0.007620093,,
0.029102121,-0.007237579,,
0.029449343,-0.0065775,,
0.029796566,-0.005665159,,
0.030143788,-0.004535507,,
0.03049101,-0.003231822,,
0.030838232,-0.001804062,,
0.031185454,-0.000306961,,
0.031532677,0.001202059,,
0.031879899,0.002665089,,
0.032227121,0.00402595,,
0.032574343,0.005232359,,
0.032921566,0.006237934,,
0.033268788,0.007003992,,
0.03361601,0.007501035,,
0.033963232,0.007709899,,
0.034310454,0.007622495,,
0.034657677,0.007242126,,
0.035004899,0.006583368,,
0.035352121,0.005671509,,
0.035699343,0.004541579,,
0.036046566,0.003237004,,
0.036393788,0.001807933,,
0.03674101,0.000309306,,
0.037088232,-0.001201255,,
0.037435454,-0.002665673,,
0.037782677,-0.004027644,,
0.038129899,-0.005234807,,
0.038477121,-0.006240755,,
0.038824343,-0.007006823,,
0.039171566,-0.007503569,,
0.039518788,-0.007711909,,
0.03986601,-0.007623845,,
0.040213232,-0.007242774,,
0.040560454,-0.006583352,,
0.040907677,-0.005670934,,
0.041254899,-0.004540594,,
0.041602121,-0.003235779,,
0.041949343,-0.001806638,,
0.042296566,-0.000308092,,
0.042643788,0.001202271,,
0.04299101,0.002666411,,
0.043338232,0.004028068,,
0.043685454,0.00523492,,
0.044032677,0.006240593,,
0.044379899,0.007006446,,
0.044727121,0.007503052,,
0.045074343,0.007711329,,
0.045421566,0.007623274,,
0.045768788,0.007242272,,
0.04611601,0.006582964,,
0.046463232,0.005670683,,
0.046810454,0.004540487,,
0.047157677,0.003235804,,
0.047504899,0.001806771,,
0.047852121,0.000308303,,
0.048199343,-0.001202017,,
0.048546566,-0.002666148,,
0.048893788,-0.004027826,,
0.04924101,-0.005234721,,
0.049588232,-0.006240453,,
0.049935454,-0.007006371,,
0.050282677,-0.007503039,,
0.050629899,-0.00771137,,
0.050977121,-0.007623357,,
0.051324343,-0.007242381,,
0.051671566,-0.006583083,,
0.052018788,-0.005670798,,
0.05236601,-0.004540585,,
0.052713232,-0.003235879,,
0.053060454,-0.001806817,,
0.053407677,-0.00030832,,
0.053754899,0.001202026,,
0.054102121,0.002666179,,
0.054449343,0.004027871,,
0.054796566,0.005234774,,
0.055143788,0.006240507,,
0.05549101,0.007006419,,
0.055838232,0.007503078,,
0.056185454,0.007711397,,
0.056532677,0.00762337,,
0.056879899,0.007242382,,
0.057227121,0.006583073,,
0.057574343,0.00567078,,
0.057921566,0.004540563,,
0.058268788,0.003235854,,
0.05861601,0.001806794,,
0.058963232,0.000308301,,
0.059310454,-0.00120204,,
0.059657677,-0.002666187,,
0.060004899,-0.004027874,,
0.060352121,-0.005234771,,
0.060699343,-0.0062405,,
0.061046566,-0.007006409,,
0.061393788,-0.007503067,,
0.06174101,-0.007711386,,
0.062088232,-0.007623361,,
0.062435454,-0.007242374,,
0.062782677,-0.006583068,,
0.063129899,-0.005670778,,
0.063477121,-0.004540563,,
0.063824343,-0.003235857,,
0.064171566,-0.001806798,,
0.064518788,-0.000308306,,
0.06486601,0.001202035,,
0.065213232,0.002666182,,
0.065560454,0.00402787,,
0.065907677,0.005234769,,
0.066254899,0.006240498,,
0.066602121,0.007006409,,
0.066949343,0.007503068,,
0.067296566,0.007711387,,
0.067643788,0.007623363,,
0.06799101,0.007242377,,
0.068338232,0.00658307,,
0.068685454,0.00567078,,
0.069032677,0.004540564,,
0.069379899,0.003235858,,
0.069727121,0.001806799,,
0.070074343,0.000308306,,
0.070421566,-0.001202036,,
0.070768788,-0.002666183,,
0.07111601,-0.004027871,,
0.071463232,-0.00523477,,
0.071810454,-0.006240499,,
0.072157677,-0.00700641,,
0.072504899,-0.007503068,,
0.072852121,-0.007711388,,
0.073199343,-0.007623363,,
0.073546566,-0.007242376,,
0.073893788,-0.00658307,,
0.07424101,-0.005670779,,
0.074588232,-0.004540564,,
0.074935454,-0.003235857,,
0.075282677,-0.001806798,,
0.075629899,-0.000308305,,
0.075977121,0.001202036,,
0.076324343,0.002666183,,
0.076671566,0.004027871,,
0.077018788,0.00523477,,
0.07736601,0.006240499,,
0.077713232,0.00700641,,
0.078060454,0.007503068,,
0.078407677,0.007711387,,
0.078754899,0.007623363,,
0.079102121,0.007242376,,
0.079449343,0.00658307,,
0.079796566,0.005670779,,
0.080143788,0.004540564,,
0.08049101,0.003235857,,
0.080838232,0.001806798,,
0.081185454,0.000308305,,
0.081532677,-0.001202036,,
0.081879899,-0.002666183,,
0.082227121,-0.004027871,,
0.082574343,-0.00523477,,
0.082921566,-0.006240499,,
0.083268788,-0.00700641,,
0.08361601,-0.007503068,,
0.083963232,-0.007711387,,
0.084310454,-0.007623363,,
0.084657677,-0.007242376,,
0.085004899,-0.00658307,,
0.085352121,-0.005670779,,
0.085699343,-0.004540564,,
0.086046566,-0.003235857,,
0.086393788,-0.001806798,,
0.08674101,-0.000308305,,
0.087088232,0.001202036,,
0.087435454,0.002666183,,
0.087782677,0.004027871,,
0.088129899,0.00523477,,
0.088477121,0.006240499,,
0.088824343,0.00700641,,
0.089171566,0.007503068,,
0.089518788,0.007711387,,
0.08986601,0.007623363,,
0.090213232,0.007242376,,
0.090560454,0.00658307,,
0.090907677,0.005670779,,
0.091254899,0.004540564,,
0.091602121,0.003235857,,
0.091949343,0.001806798,,
0.092296566,0.000308305,,
0.092643788,-0.001202036,,
0.09299101,-0.002666183,,
0.093338232,-0.004027871,,
0.093685454,-0.00523477,,
0.094032677,-0.006240499,,
0.094379899,-0.00700641,,
0.094727121,-0.007503068,,
0.095074343,-0.007711387,,
0.095421566,-0.007623363,,
0.095768788,-0.007242376,,
0.09611601,-0.00658307,,
0.096463232,-0.005670779,,
0.096810454,-0.004540564,,
0.097157677,-0.003235857,,
0.097504899,-0.001806798,,
0.097852121,-0.000308305,,
0.098199343,0.001202036,,
0.098546566,0.002666183,,
0.098893788,0.004027871,,
0.09924101,0.00523477,,
0.099588232,0.006240499,,
0.099935454,0.00700641,,
0.100282677,0.007503068,,
0.100629899,0.007711387,,
0.100977121,0.007623363,,
0.101324343,0.007242376,,
0.101671566,0.00658307,,
0.102018788,0.005670779,,
0.10236601,0.004540564,,
0.102713232,0.003235857,,
0.103060454,0.001806798,,
0.103407677,0.000308305,,
0.103754899,-0.001202036,,
0.104102121,-0.002666183,,
0.104449343,-0.004027871,,
0.104796566,-0.00523477,,
0.105143788,-0.006240499,,
0.10549101,-0.00700641,,
0.105838232,-0.007503068,,
0.106185454,-0.007711387,,
0.106532677,-0.007623363,,
0.106879899,-0.007242376,,
0.107227121,-0.00658307,,
0.107574343,-0.005670779,,
0.107921566,-0.004540564,,
0.108268788,-0.003235857,,
0.10861601,-0.001806798,,
0.108963232,-0.000308305,,
0.109310454,0.001202036,,
0.109657677,0.002666183,,
0.110004899,0.004027871,,
0.110352121,0.00523477,,
0.110699343,0.006240499,,
0.111046566,0.00700641,,
0.111393788,0.007503068,,
0.11174101,0.007711387,,
0.112088232,0.007623363,,
0.112435454,0.007242376,,
0.112782677,0.00658307,,
0.113129899,0.005670779,,
0.113477121,0.004540564,,
0.113824343,0.003235857,,
0.114171566,0.001806798,,
0.114518788,0.000308305,,
0.11486601,-0.001202036,,
0.115213232,-0.002666183,,
0.115560454,-0.004027871,,
0.115907677,-0.00523477,,
0.116254899,-0.006240499,,
0.116602121,-0.00700641,,
0.116949343,-0.007503068,,
0.117296566,-0.007711387,,
0.117643788,-0.007623363,,
0.11799101,-0.007242376,,
0.118338232,-0.00658307,,
0.118685454,-0.005670779,,
0.119032677,-0.004540564,,
0.119379899,-0.003235857,,
0.119727121,-0.001806798,,
0.120074343,-0.000308305,,
0.120421566,0.001202036,,
0.120768788,0.002666183,,
0.12111601,0.004027871,,
0.121463232,0.00523477,,
0.121810454,0.006240499,,
0.122157677,0.00700641,,
0.122504899,0.007503068,,
0.122852121,0.007711387,,
0.123199343,0.007623363,,
0.123546566,0.007242376,,
0.123893788,0.00658307,,
0.12424101,0.005670779,,
0.124588232,0.004540564,,
0.124935454,0.003235857,,
0.125282677,0.001806798,,
0.125629899,0.000308305,,
0.125977121,-0.001202036,,
0.126324343,-0.002666183,,
0.126671566,-0.004027871,,
0.127018788,-0.00523477,,
0.12736601,-0.006240499,,
0.127713232,-0.00700641,,
0.128060454,-0.007503068,,
0.128407677,-0.007711387,,
0.128754899,-0.007623363,,
0.129102121,-0.007242376,,
0.129449343,-0.00658307,,
0.129796566,-0.005670779,,
0.130143788,-0.004540564,,
0.13049101,-0.003235857,,
0.130838232,-0.001806798,,
0.131185454,-0.000308305,,
0.131532677,0.001202036,,
0.131879899,0.002666183,,
0.132227121,0.004027871,,
0.132574343,0.00523477,,
0.132921566,0.006240499,,
0.133268788,0.00700641,,
0.13361601,0.007503068,,
0.133963232,0.007711387,,
0.134310454,0.007623363,,
0.134657677,0.007242376,,
0.135004899,0.00658307,,
0.135352121,0.005670779,,
0.135699343,0.004540564,,
0.136046566,0.003235857,,
0.136393788,0.001806798,,
0.13674101,0.000308305,,
0.137088232,-0.001202036,,
0.137435454,-0.002666183,,
0.137782677,-0.004027871,,
0.138129899,-0.00523477,,
0.138477121,-0.006240499,,
0.138824343,-0.00700641,,
0.139171566,-0.007503068,,
0.139518788,-0.007711387,,
0.13986601,-0.007623363,,
0.140213232,-0.007242376,,
0.140560454,-0.00658307,,
0.140907677,-0.005670779,,
0.141254899,-0.004540564,,
0.141602121,-0.003235857,,
0.141949343,-0.001806798,,
0.142296566,-0.000308305,,
0.142643788,0.001202036,,
0.14299101,0.002666183,,
0.143338232,0.004027871,,
0.143685454,0.00523477,,
0.144032677,0.006240499,,
0.144379899,0.00700641,,
0.144727121,0.007503068,,
0.145074343,0.007711387,,
0.145421566,0.007623363,,
0.145768788,0.007242376,,
0.14611601,0.00658307,,
0.146463232,0.005670779,,
0.146810454,0.004540564,,
0.147157677,0.003235857,,
0.147504899,0.001806798,,
0.147852121,0.000308305,,
0.148199343,-0.001202036,,
0.148546566,-0.002666183,,
0.148893788,-0.004027871,,
0.14924101,-0.00523477,,
0.149588232,-0.006240499,,
0.149935454,-0.00700641,,
0.150282677,-0.007503068,,
0.150629899,-0.007711387,,
0.150977121,-0.007623363,,
0.151324343,-0.007242376,,
0.151671566,-0.00658307,,
0.152018788,-0.005670779,,
0.15236601,-0.004540564,,
0.152713232,-0.003235857,,
0.153060454,-0.001806798,,
0.153407677,-0.000308305,,
0.153754899,0.001202036,,
0.154102121,0.002666183,,
0.154449343,0.004027871,,
0.154796566,0.00523477,,
0.155143788,0.006240499,,
0.15549101,0.00700641,,
0.155838232,0.007503068,,
0.156185454,0.007711387,,
0.156532677,0.007623363,,
0.156879899,0.007242376,,
0.157227121,0.00658307,,
0.157574343,0.005670779,,
0.157921566,0.004540564,,
0.158268788,0.003235857,,
0.15861601,0.001806798,,
0.158963232,0.000308305,,
0.159310454,-0.001202036,,
0.159657677,-0.002666183,,
0.160004899,-0.004027871,,
0.160352121,-0.00523477,,
0.160699343,-0.006240499,,
0.161046566,-0.00700641,,
0.161393788,-0.007503068,,
0.16174101,-0.007711387,,
0.162088232,-0.007623363,,
0.162435454,-0.007242376,,
0.162782677,-0.00658307,,
0.163129899,-0.005670779,,
0.163477121,-0.004540564,,
0.163824343,-0.003235857,,
0.164171566,-0.001806798,,
0.164518788,-0.000308305,,
0.16486601,0.001202036,,
0.165213232,0.002666183,,
0.165560454,0.004027871,,
0.165907677,0.00523477,,
0.166254899,0.006240499,,
0.166602121,0.00700641,,
0.166949343,0.007503068,,
0.167296566,0.007711387,,
0.167643788,0.007623363,,
0.16799101,0.007242376,,
0.168338232,0.00658307,,
0.168685454,0.005670779,,
0.169032677,0.004540564,,
0.169379899,0.003235857,,
0.169727121,0.001806798,,
0.170074343,0.000308305,,
0.170421566,-0.001202036,,
0.170768788,-0.002666183,,
0.17111601,-0.004027871,,
0.171463232,-0.00523477,,
0.171810454,-0.006240499,,
0.172157677,-0.00700641,,
0.172504899,-0.007503068,,
0.172852121,-0.007711387,,
0.173199343,-0.007623363,,
0.173546566,-0.007242376,,
0.173893788,-0.00658307,,
0.17424101,-0.005670779,,
0.174588232,-0.004540564,,
0.174935454,-0.003235857,,
0.175282677,-0.001806798,,
0.175629899,-0.000308305,,
0.175977121,0.001202036,,
0.176324343,0.002666183,,
0.176671566,0.004027871,,
0.177018788,0.00523477,,
0.17736601,0.006240499,,
0.177713232,0.00700641,,
0.178060454,0.007503068,,
0.178407677,0.007711387,,
0.178754899,0.007623363,,
0.179102121,0.007242376,,
0.179449343,0.00658307,,
0.179796566,0.005670779,,
0.180143788,0.004540564,,
0.18049101,0.003235857,,
0.180838232,0.001806798,,
0.181185454,0.000308305,,
0.181532677,-0.001202036,,
0.181879899,-0.002666183,,
0.182227121,-0.004027871,,
0.182574343,-0.00523477,,
0.182921566,-0.006240499,,
0.183268788,-0.00700641,,
0.18361601,-0.007503068,,
0.183963232,-0.007711387,,
0.184310454,-0.007623363,,
0.184657677,-0.007242376,,
0.185004899,-0.00658307,,
0.185352121,-0.005670779,,
0.185699343,-0.004540564,,
0.186046566,-0.003235857,,
0.186393788,-0.001806798,,
0.18674101,-0.000308305,,
0.187088232,0.001202036,,
0.187435454,0.002666183,,
0.187782677,0.004027871,,
0.188129899,0.00523477,,
0.188477121,0.006240499,,
0.188824343,0.00700641,,
0.189171566,0.007503068,,
0.189518788,0.007711387,,
0.18986601,0.007623363,,
0.190213232,0.007242376,,
0.190560454,0.00658307,,
0.190907677,0.005670779,,
0.191254899,0.004540564,,
0.191602121,0.003235857,,
0.191949343,0.001806798,,
0.192296566,0.000308305,,
0.192643788,-0.001202036,,
0.19299101,-0.002666183,,
0.193338232,-0.004027871,,
0.193685454,-0.00523477,,
0.194032677,-0.006240499,,
0.194379899,-0.00700641,,
0.194727121,-0.007503068,,
0.195074343,-0.007711387,,
0.195421566,-0.007623363,,
0.195768788,-0.007242376,,
0.19611601,-0.00658307,,
0.196463232,-0.005670779,,
0.196810454,-0.004540564,,
0.197157677,-0.003235857,,
0.197504899,-0.001806798,,
0.197852121,-0.000308305,,
0.198199343,0.001202036,,
0.198546566,0.002666183,,
0.198893788,0.004027871,,
0.19924101,0.00523477,,
0.199588232,0.006240499,,
0.199935454,0.00700641,,
0.200282677,0.007503068,,
0.200629899,0.007711387,,
0.200977121,0.007623363,,
0.201324343,0.007242376,,
0.201671566,0.00658307,,
0.202018788,0.005670779,,
0.20236601,0.004540564,,
0.202713232,0.003235857,,
0.203060454,0.001806798,,
0.203407677,0.000308305,,
0.203754899,-0.001202036,,
0.204102121,-0.002666183,,
0.204449343,-0.004027871,,
0.204796566,-0.00523477,,
0.205143788,-0.006240499,,
0.20549101,-0.00700641,,
0.205838232,-0.007503068,,
0.206185454,-0.007711387,,
0.206532677,-0.007623363,,
0.206879899,-0.007242376,,
0.207227121,-0.00658307,,
0.207574343,-0.005670779,,
0.207921566,-0.004540564,,
0.208268788,-0.003235857,,
0.20861601,-0.001806798,,
0.208963232,-0.000308305,,
0.209310454,0.001202036,,
0.209657677,0.002666183,,
0.210004899,0.004027871,,
0.210352121,0.00523477,,
0.210699343,0.006240499,,
0.211046566,0.00700641,,
0.211393788,0.007503068,,
0.21174101,0.007711387,,
0.212088232,0.007623363,,
0.212435454,0.007242376,,
0.212782677,0.00658307,,
0.213129899,0.005670779,,
0.213477121,0.004540564,,
0.213824343,0.003235857,,
0.214171566,0.001806798,,
0.214518788,0.000308305,,
0.21486601,-0.001202036,,
0.215213232,-0.002666183,,
0.215560454,-0.004027871,,
0.215907677,-0.00523477,,
0.216254899,-0.006240499,,
0.216602121,-0.00700641,,
0.216949343,-0.007503068,,
0.217296566,-0.007711387,,
0.217643788,-0.007623363,,
0.21799101,-0.007242376,,
0.218338232,-0.00658307,,
0.218685454,-0.005670779,,
0.219032677,-0.004540564,,
0.219379899,-0.003235857,,
0.219727121,-0.001806798,,
0.220074343,-0.000308305,,
0.220421566,0.001202036,,
0.220768788,0.002666183,,
0.22111601,0.004027871,,
0.221463232,0.00523477,,
0.221810454,0.006240499,,
0.222157677,0.00700641,,
0.222504899,0.007503068,,
0.222852121,0.007711387,,
0.223199343,0.007623363,,
0.223546566,0.007242376,,
0.223893788,0.00658307,,
0.22424101,0.005670779,,
0.224588232,0.004540564,,
0.224935454,0.003235857,,
0.225282677,0.001806798,,
0.225629899,0.000308305,,
0.225977121,-0.001202036,,
0.226324343,-0.002666183,,
0.226671566,-0.004027871,,
0.227018788,-0.00523477,,
0.22736601,-0.006240499,,
0.227713232,-0.00700641,,
0.228060454,-0.007503068,,
0.228407677,-0.007711387,,
0.228754899,-0.007623363,,
0.229102121,-0.007242376,,
0.229449343,-0.00658307,,
0.229796566,-0.005670779,,
0.230143788,-0.004540564,,
0.23049101,-0.003235857,,
0.230838232,-0.001806798,,
0.231185454,-0.000308305,,
0.231532677,0.001202036,,
0.231879899,0.002666183,,
0.232227121,0.004027871,,
0.232574343,0.00523477,,
0.232921566,0.006240499,,
0.233268788,0.00700641,,
0.23361601,0.007503068,,
0.233963232,0.007711387,,
0.234310454,0.007623363,,
0.234657677,0.007242376,,
0.235004899,0.00658307,,
0.235352121,0.005670779,,
0.235699343,0.004540564,,
0.236046566,0.003235857,,
0.236393788,0.001806798,,
0.23674101,0.000308305,,
0.237088232,-0.001202036,,
0.237435454,-0.002666183,,
0.237782677,-0.004027871,,
0.238129899,-0.00523477,,
0.238477121,-0.006240499,,
0.238824343,-0.00700641,,
0.239171566,-0.007503068,,
0.239518788,-0.007711387,,
0.23986601,-0.007623363,,
0.240213232,-0.007242376,,
0.240560454,-0.00658307,,
0.240907677,-0.005670779,,
0.241254899,-0.004540564,,
0.241602121,-0.003235857,,
0.241949343,-0.001806798,,
0.242296566,-0.000308305,,
0.242643788,0.001202036,,
0.24299101,0.002666183,,
0.243338232,0.004027871,,
0.243685454,0.00523477,,
0.244032677,0.006240499,,
0.244379899,0.00700641,,
0.244727121,0.007503068,,
0.245074343,0.007711387,,
0.245421566,0.007623363,,
0.245768788,0.007242376,,
0.24611601,0.00658307,,
0.246463232,0.005670779,,
0.246810454,0.004540564,,
0.247157677,0.003235857,,
0.247504899,0.001806798,,
0.247852121,0.000308305,,
0.248199343,-0.001202036,,
0.248546566,-0.002666183,,
0.248893788,-0.004027871,,
0.24924101,-0.00523477,,
0.249588232,-0.006240499,,
0.249935454,-0.00700641,,
0.250282677,-0.007503068,,
0.250629899,-0.007711387,,
0.250977121,-0.007623363,,
0.251324343,-0.007242376,,
0.251671566,-0.00658307,,
0.252018788,-0.005670779,,
0.25236601,-0.004540564,,
0.252713232,-0.003235857,,
0.253060454,-0.001806798,,
0.253407677,-0.000308305,,
0.253754899,0.001202036,,
0.254102121,0.002666183,,
0.254449343,0.004027871,,
0.254796566,0.00523477,,
0.255143788,0.006240499,,
0.25549101,0.00700641,,
0.255838232,0.007503068,,
0.256185454,0.007711387,,
0.256532677,0.007623363,,
0.256879899,0.007242376,,
0.257227121,0.00658307,,
0.257574343,0.005670779,,
0.257921566,0.004540564,,
0.258268788,0.003235857,,
0.25861601,0.001806798,,
0.258963232,0.000308305,,
0.259310454,-0.001202036,,
0.259657677,-0.002666183,,
0.260004899,-0.004027871,,
0.260352121,-0.00523477,,
0.260699343,-0.006240499,,
0.261046566,-0.00700641,,
0.261393788,-0.007503068,,
0.26174101,-0.007711387,,
0.262088232,-0.007623363,,
0.262435454,-0.007242376,,
0.262782677,-0.00658307,,
0.263129899,-0.005670779,,
0.263477121,-0.004540564,,
0.263824343,-0.003235857,,
0.264171566,-0.001806798,,
0.264518788,-0.000308305,,
0.26486601,0.001202036,,
0.265213232,0.002666183,,
0.265560454,0.004027871,,
0.265907677,0.00523477,,
0.266254899,0.006240499,,
0.266602121,0.00700641,,
0.266949343,0.007503068,,
0.267296566,0.007711387,,
0.267643788,0.007623363,,
0.26799101,0.007242376,,
0.268338232,0.00658307,,
0.268685454,0.005670779,,
0.269032677,0.004540564,,
0.269379899,0.003235857,,
0.269727121,0.001806798,,
0.270074343,0.000308305,,
0.270421566,-0.001202036,,
0.270768788,-0.002666183,,
0.27111601,-0.004027871,,
0.271463232,-0.00523477,,
0.271810454,-0.006240499,,
0.272157677,-0.00700641,,
0.272504899,-0.007503068,,
0.272852121,-0.007711387,,
0.273199343,-0.007623363,,
0.273546566,-0.007242376,,
0.273893788,-0.00658307,,
0.27424101,-0.005670779,,
0.274588232,-0.004540564,,
0.274935454,-0.003235857,,
0.275282677,-0.001806798,,
0.275629899,-0.000308305,,
0.275977121,0.001202036,,
0.276324343,0.002666183,,
0.276671566,0.004027871,,
0.277018788,0.00523477,,
0.27736601,0.006240499,,
0.277713232,0.00700641,,
0.278060454,0.007503068,,
0.278407677,0.007711387,,
0.278754899,0.007623363,,
0.279102121,0.007242376,,
0.279449343,0.00658307,,
0.279796566,0.005670779,,
0.280143788,0.004540564,,
0.28049101,0.003235857,,
0.280838232,0.001806798,,
0.281185454,0.000308305,,
0.281532677,-0.001202036,,
0.281879899,-0.002666183,,
0.282227121,-0.004027871,,
0.282574343,-0.00523477,,
0.282921566,-0.006240499,,
0.283268788,-0.00700641,,
0.28361601,-0.007503068,,
0.283963232,-0.007711387,,
0.284310454,-0.007623363,,
0.284657677,-0.007242376,,
0.285004899,-0.00658307,,
0.285352121,-0.005670779,,
0.285699343,-0.004540564,,
0.286046566,-0.003235857,,
0.286393788,-0.001806798,,
0.28674101,-0.000308305,,
0.287088232,0.001202036,,
0.287435454,0.002666183,,
0.287782677,0.004027871,,
0.288129899,0.00523477,,
0.288477121,0.006240499,,
0.288824343,0.00700641,,
0.289171566,0.007503068,,
0.289518788,0.007711387,,
0.28986601,0.007623363,,
0.290213232,0.007242376,,
0.290560454,0.00658307,,
0.290907677,0.005670779,,
0.291254899,0.004540564,,
0.291602121,0.003235857,,
0.291949343,0.001806798,,
0.292296566,0.000308305,,
0.292643788,-0.001202036,,
0.29299101,-0.002666183,,
0.293338232,-0.004027871,,
0.293685454,-0.00523477,,
0.294032677,-0.006240499,,
0.294379899,-0.00700641,,
0.294727121,-0.007503068,,
0.295074343,-0.007711387,,
0.295421566,-0.007623363,,
0.295768788,-0.007242376,,
0.29611601,-0.00658307,,
0.296463232,-0.005670779,,
0.296810454,-0.004540564,,
0.297157677,-0.003235857,,
0.297504899,-0.001806798,,
0.297852121,-0.000308305,,
0.298199343,0.001202036,,
0.298546566,0.002666183,,
0.298893788,0.004027871,,
0.29924101,0.00523477,,
0.299588232,0.006240499,,
0.299935454,0.00700641,,
0.300282677,0.007503068,,
0.300629899,0.007711387,,
0.300977121,0.007623363,,
0.301324343,0.007242376,,
0.301671566,0.00658307,,
0.302018788,0.005670779,,
0.30236601,0.004540564,,
0.302713232,0.003235857,,
0.303060454,0.001806798,,
0.303407677,0.000308305,,
0.303754899,-0.001202036,,
0.304102121,-0.002666183,,
0.304449343,-0.004027871,,
0.304796566,-0.00523477,,
0.305143788,-0.006240499,,
0.30549101,-0.00700641,,
0.305838232,-0.007503068,,
0.306185454,-0.007711387,,
0.306532677,-0.007623363,,
0.306879899,-0.007242376,,
0.307227121,-0.00658307,,
0.307574343,-0.005670779,,
0.307921566,-0.004540564,,
0.308268788,-0.003235857,,
0.30861601,-0.001806798,,
0.308963232,-0.000308305,,
0.309310454,0.001202036,,
0.309657677,0.002666183,,
0.310004899,0.004027871,,
0.310352121,0.00523477,,
0.310699343,0.006240499,,
0.311046566,0.00700641,,
0.311393788,0.007503068,,
0.31174101,0.007711387,,
0.312088232,0.007623363,,
0.312435454,0.007242376,,
0.312782677,0.00658307,,
0.313129899,0.005670779,,
0.313477121,0.004540564,,
0.313824343,0.003235857,,
0.314171566,0.001806798,,
0.314518788,0.000308305,,
0.31486601,-0.001202036,,
0.315213232,-0.002666183,,
0.315560454,-0.004027871,,
0.315907677,-0.00523477,,
0.316254899,-0.006240499,,
0.316602121,-0.00700641,,
0.316949343,-0.007503068,,
0.317296566,-0.007711387,,
0.317643788,-0.007623363,,
0.31799101,-0.007242376,,
0.318338232,-0.00658307,,
0.318685454,-0.005670779,,
0.319032677,-0.004540564,,
0.319379899,-0.003235857,,
0.319727121,-0.001806798,,
0.320074343,-0.000308305,,
0.320421566,0.001202036,,
0.320768788,0.002666183,,
0.32111601,0.004027871,,
0.321463232,0.00523477,,
0.321810454,0.006240499,,
0.322157677,0.00700641,,
0.322504899,0.007503068,,
0.322852121,0.007711387,,
0.323199343,0.007623363,,
0.323546566,0.007242376,,
0.323893788,0.00658307,,
0.32424101,0.005670779,,
0.324588232,0.004540564,,
0.324935454,0.003235857,,
0.325282677,0.001806798,,
0.325629899,0.000308305,,
0.325977121,-0.001202036,,
0.326324343,-0.002666183,,
0.326671566,-0.004027871,,
0.327018788,-0.00523477,,
0.32736601,-0.006240499,,
0.327713232,-0.00700641,,
0.328060454,-0.007503068,,
0.328407677,-0.007711387,,
0.328754899,-0.007623363,,
0.329102121,-0.007242376,,
0.329449343,-0.00658307,,
0.329796566,-0.005670779,,
0.330143788,-0.004540564,,
0.33049101,-0.003235857,,
0.330838232,-0.001806798,,
0.331185454,-0.000308305,,
0.331532677,0.001202036,,
0.331879899,0.002666183,,
0.332227121,0.004027871,,
0.332574343,0.00523477,,
0.332921566,0.006240499,,
0.333268788,0.00700641,,
0.33361601,0.007503068,,
0.333963232,0.007711387,,
0.334310454,0.007623363,,
0.334657677,0.007242376,,
0.335004899,0.00658307,,
0.335352121,0.005670779,,
0.335699343,0.004540564,,
0.336046566,0.003235857,,
0.336393788,0.001806798,,
0.33674101,0.000308305,,
0.337088232,-0.001202036,,
0.337435454,-0.002666183,,
0.337782677,-0.004027871,,
0.338129899,-0.00523477,,
0.338477121,-0.006240499,,
0.338824343,-0.00700641,,
0.339171566,-0.007503068,,
0.339518788,-0.007711387,,
0.33986601,-0.007623363,,
0.340213232,-0.007242376,,
0.340560454,-0.00658307,,
0.340907677,-0.005670779,,
0.341254899,-0.004540564,,
0.341602121,-0.003235857,,
0.341949343,-0.001806798,,
0.342296566,-0.000308305,,
0.342643788,0.001202036,,
0.34299101,0.002666183,,
0.343338232,0.004027871,,
0.343685454,0.00523477,,
0.344032677,0.006240499,,
0.344379899,0.00700641,,
0.344727121,0.007503068,,
0.345074343,0.007711387,,
0.345421566,0.007623363,,
0.345768788,0.007242376,,
0.34611601,0.00658307,,
0.346463232,0.005670779,,
0.346810454,0.004540564,,
0.347157677,0.003235857,,
0.347504899,0.001806798,,
0.347852121,0.000308305,,
0.348199343,-0.001202036,,
0.348546566,-0.002666183,,
0.348893788,-0.004027871,,
0.34924101,-0.00523477,,
0.349588232,-0.006240499,,
0.349935454,-0.00700641,,
0.350282677,-0.007503068,,
0.350629899,-0.007711387,,
0.350977121,-0.007623363,,
0.351324343,-0.007242376,,
0.351671566,-0.00658307,,
0.352018788,-0.005670779,,
0.35236601,-0.004540564,,
0.352713232,-0.003235857,,
0.353060454,-0.001806798,,
0.353407677,-0.000308305,,
0.353754899,0.001202036,,
0.354102121,0.002666183,,
0.354449343,0.004027871,,
0.354796566,0.00523477,,
0.355143788,0.006240499,,
0.35549101,0.00700641,,
0.355838232,0.007503068,,
0.356185454,0.007711387,,
0.356532677,0.007623363,,
0.356879899,0.007242376,,
0.357227121,0.00658307,,
0.357574343,0.005670779,,
0.357921566,0.004540564,,
0.358268788,0.003235857,,
0.35861601,0.001806798,,
0.358963232,0.000308305,,
0.359310454,-0.001202036,,
0.359657677,-0.002666183,,
0.360004899,-0.004027871,,
0.360352121,-0.00523477,,
0.360699343,-0.006240499,,
0.361046566,-0.00700641,,
0.361393788,-0.007503068,,
0.36174101,-0.007711387,,
0.362088232,-0.007623363,,
0.362435454,-0.007242376,,
0.362782677,-0.00658307,,
0.363129899,-0.005670779,,
0.363477121,-0.004540564,,
0.363824343,-0.003235857,,
0.364171566,-0.001806798,,
0.364518788,-0.000308305,,
0.36486601,0.001202036,,
0.365213232,0.002666183,,
0.365560454,0.004027871,,
0.365907677,0.00523477,,
0.366254899,0.006240499,,
0.366602121,0.00700641,,
0.366949343,0.007503068,,
0.367296566,0.007711387,,
0.367643788,0.007623363,,
0.36799101,0.007242376,,
0.368338232,0.00658307,,
0.368685454,0.005670779,,
0.369032677,0.004540564,,
0.369379899,0.003235857,,
0.369727121,0.001806798,,
0.370074343,0.000308305,,
0.370421566,-0.001202036,,
0.370768788,-0.002666183,,
0.37111601,-0.004027871,,
0.371463232,-0.00523477,,
0.371810454,-0.006240499,,
0.372157677,-0.00700641,,
0.372504899,-0.007503068,,
0.372852121,-0.007711387,,
0.373199343,-0.007623363,,
0.373546566,-0.007242376,,
0.373893788,-0.00658307,,
0.37424101,-0.005670779,,
0.374588232,-0.004540564,,
0.374935454,-0.003235857,,
0.375282677,-0.001806798,,
0.375629899,-0.000308305,,
0.375977121,0.001202036,,
0.376324343,0.002666183,,
0.376671566,0.004027871,,
0.377018788,0.00523477,,
0.37736601,0.006240499,,
0.377713232,0.00700641,,
0.378060454,0.007503068,,
0.378407677,0.007711387,,
0.378754899,0.007623363,,
0.379102121,0.007242376,,
0.379449343,0.00658307,,
0.379796566,0.005670779,,
0.380143788,0.004540564,,
0.38049101,0.003235857,,
0.380838232,0.001806798,,
0.381185454,0.000308305,,
0.381532677,-0.001202036,,
0.381879899,-0.002666183,,
0.382227121,-0.004027871,,
0.382574343,-0.00523477,,
0.382921566,-0.006240499,,
0.383268788,-0.00700641,,
0.38361601,-0.007503068,,
0.383963232,-0.007711387,,
0.384310454,-0.007623363,,
0.384657677,-0.007242376,,
0.385004899,-0.00658307,,
0.385352121,-0.005670779,,
0.385699343,-0.004540564,,
0.386046566,-0.003235857,,
0.386393788,-0.001806798,,
0.38674101,-0.000308305,,
0.387088232,0.001202036,,
0.387435454,0.002666183,,
0.387782677,0.004027871,,
0.388129899,0.00523477,,
0.388477121,0.006240499,,
0.388824343,0.00700641,,
0.389171566,0.007503068,,
0.389518788,0.007711387,,
0.38986601,0.007623363,,
0.390213232,0.007242376,,
0.390560454,0.00658307,,
0.390907677,0.005670779,,
0.391254899,0.004540564,,
0.391602121,0.003235857,,
0.391949343,0.001806798,,
0.392296566,0.000308305,,
0.392643788,-0.001202036,,
0.39299101,-0.002666183,,
0.393338232,-0.004027871,,
0.393685454,-0.00523477,,
0.394032677,-0.006240499,,
0.394379899,-0.00700641,,
0.394727121,-0.007503068,,
0.395074343,-0.007711387,,
0.395421566,-0.007623363,,
0.395768788,-0.007242376,,
0.39611601,-0.00658307,,
0.396463232,-0.005670779,,
0.396810454,-0.004540564,,
0.397157677,-0.003235857,,
0.397504899,-0.001806798,,
0.397852121,-0.000308305,,
0.398199343,0.001202036,,
0.398546566,0.002666183,,
0.398893788,0.004027871,,
0.39924101,0.00523477,,
0.399588232,0.006240499,,
0.399935454,0.00700641,,
0.400282677,0.007503068,,
0.400629899,0.007711387,,
0.400977121,0.007623363,,
0.401324343,0.007242376,,
0.401671566,0.00658307,,
0.402018788,0.005670779,,
0.40236601,0.004540564,,
0.402713232,0.003235857,,
0.403060454,0.001806798,,
0.403407677,0.000308305,,
0.403754899,-0.001202036,,
0.404102121,-0.002666183,,
0.404449343,-0.004027871,,
0.404796566,-0.00523477,,
0.405143788,-0.006240499,,
0.40549101,-0.00700641,,
0.405838232,-0.007503068,,
0.406185454,-0.007711387,,
0.406532677,-0.007623363,,
0.406879899,-0.007242376,,
0.407227121,-0.00658307,,
0.407574343,-0.005670779,,
0.407921566,-0.004540564,,
0.408268788,-0.003235857,,
0.40861601,-0.001806798,,
0.408963232,-0.000308305,,
0.409310454,0.001202036,,
0.409657677,0.002666183,,
0.410004899,0.004027871,,
0.410352121,0.00523477,,
0.410699343,0.006240499,,
0.411046566,0.00700641,,
0.411393788,0.007503068,,
0.41174101,0.007711387,,
0.412088232,0.007623363,,
0.412435454,0.007242376,,
0.412782677,0.00658307,,
0.413129899,0.005670779,,
0.413477121,0.004540564,,
0.413824343,0.003235857,,
0.414171566,0.001806798,,
0.414518788,0.000308305,,
0.41486601,-0.001202036,,
0.415213232,-0.002666183,,
0.415560454,-0.004027871,,
0.415907677,-0.00523477,,
0.416254899,-0.006240499,,
0.416602121,-0.00700641,,
0.416949343,-0.007503068,,
0.417296566,-0.007711387,,
0.417643788,-0.007623363,,
0.41799101,-0.007242376,,
0.418338232,-0.00658307,,
0.418685454,-0.005670779,,
0.419032677,-0.004540564,,
0.419379899,-0.003235857,,
0.419727121,-0.001806798,,
0.420074343,-0.000308305,,
0.420421566,0.001202036,,
0.420768788,0.002666183,,
0.42111601,0.004027871,,
0.421463232,0.00523477,,
0.421810454,0.006240499,,
0.422157677,0.00700641,,
0.422504899,0.007503068,,
0.422852121,0.007711387,,
0.423199343,0.007623363,,
0.423546566,0.007242376,,
0.423893788,0.00658307,,
0.42424101,0.005670779,,
0.424588232,0.004540564,,
0.424935454,0.003235857,,
0.425282677,0.001806798,,
0.425629899,0.000308305,,
0.425977121,-0.001202036,,
0.426324343,-0.002666183,,
0.426671566,-0.004027871,,
0.427018788,-0.00523477,,
0.42736601,-0.006240499,,
0.427713232,-0.00700641,,
0.428060454,-0.007503068,,
0.428407677,-0.007711387,,
0.428754899,-0.007623363,,
0.429102121,-0.007242376,,
0.429449343,-0.00658307,,
0.429796566,-0.005670779,,
0.430143788,-0.004540564,,
0.43049101,-0.003235857,,
0.430838232,-0.001806798,,
0.431185454,-0.000308305,,
0.431532677,0.001202036,,
0.431879899,0.002666183,,
0.432227121,0.004027871,,
0.432574343,0.00523477,,
0.432921566,0.006240499,,
0.433268788,0.00700641,,
0.43361601,0.007503068,,
0.433963232,0.007711387,,
0.434310454,0.007623363,,
0.434657677,0.007242376,,
0.435004899,0.00658307,,
0.435352121,0.005670779,,
0.435699343,0.004540564,,
0.436046566,0.003235857,,
0.436393788,0.001806798,,
0.43674101,0.000308305,,
0.437088232,-0.001202036,,
0.437435454,-0.002666183,,
0.437782677,-0.004027871,,
0.438129899,-0.00523477,,
0.438477121,-0.006240499,,
0.438824343,-0.00700641,,
0.439171566,-0.007503068,,
0.439518788,-0.007711387,,
0.43986601,-0.007623363,,
0.440213232,-0.007242376,,
0.440560454,-0.00658307,,
0.440907677,-0.005670779,,
0.441254899,-0.004540564,,
0.441602121,-0.003235857,,
0.441949343,-0.001806798,,
0.442296566,-0.000308305,,
0.442643788,0.001202036,,
0.44299101,0.002666183,,
0.443338232,0.004027871,,
0.443685454,0.00523477,,
0.444032677,0.006240499,,
0.444379899,0.00700641,,
0.444727121,0.007503068,,
0.445074343,0.007711387,,
0.445421566,0.007623363,,
0.445768788,0.007242376,,
0.44611601,0.00658307,,
0.446463232,0.005670779,,
0.446810454,0.004540564,,
0.447157677,0.003235857,,
0.447504899,0.001806798,,
0.447852121,0.000308305,,
0.448199343,-0.001202036,,
0.448546566,-0.002666183,,
0.448893788,-0.004027871,,
0.44924101,-0.00523477,,
0.449588232,-0.006240499,,
0.449935454,-0.00700641,,
0.450282677,-0.007503068,,
0.450629899,-0.007711387,,
0.450977121,-0.007623363,,
0.451324343,-0.007242376,,
0.451671566,-0.00658307,,
0.452018788,-0.005670779,,
0.45236601,-0.004540564,,
0.452713232,-0.003235857,,
0.453060454,-0.001806798,,
0.453407677,-0.000308305,,
0.453754899,0.001202036,,
0.454102121,0.002666183,,
0.454449343,0.004027871,,
0.454796566,0.00523477,,
0.455143788,0.006240499,,
0.45549101,0.00700641,,
0.455838232,0.007503068,,
0.456185454,0.007711387,,
0.456532677,0.007623363,,
0.456879899,0.007242376,,
0.457227121,0.00658307,,
0.457574343,0.005670779,,
0.457921566,0.004540564,,
0.458268788,0.003235857,,
0.45861601,0.001806798,,
0.458963232,0.000308305,,
0.459310454,-0.001202036,,
0.459657677,-0.002666183,,
0.460004899,-0.004027871,,
0.460352121,-0.00523477,,
0.460699343,-0.006240499,,
0.461046566,-0.00700641,,
0.461393788,-0.007503068,,
0.46174101,-0.007711387,,
0.462088232,-0.007623363,,
0.462435454,-0.007242376,,
0.462782677,-0.00658307,,
0.463129899,-0.005670779,,
0.463477121,-0.004540564,,
0.463824343,-0.003235857,,
0.464171566,-0.001806798,,
0.464518788,-0.000308305,,
0.46486601,0.001202036,,
0.465213232,0.002666183,,
0.465560454,0.004027871,,
0.465907677,0.00523477,,
0.466254899,0.006240499,,
0.466602121,0.00700641,,
0.466949343,0.007503068,,
0.467296566,0.007711387,,
0.467643788,0.007623363,,
0.46799101,0.007242376,,
0.468338232,0.00658307,,
0.468685454,0.005670779,,
0.469032677,0.004540564,,
0.469379899,0.003235857,,
0.469727121,0.001806798,,
0.470074343,0.000308305,,
0.470421566,-0.001202036,,
0.470768788,-0.002666183,,
0.47111601,-0.004027871,,
0.471463232,-0.00523477,,
0.471810454,-0.006240499,,
0.472157677,-0.00700641,,
0.472504899,-0.007503068,,
0.472852121,-0.007711387,,
0.473199343,-0.007623363,,
0.473546566,-0.007242376,,
0.473893788,-0.00658307,,
0.47424101,-0.005670779,,
0.474588232,-0.004540564,,
0.474935454,-0.003235857,,
0.475282677,-0.001806798,,
0.475629899,-0.000308305,,
0.475977121,0.001202036,,
0.476324343,0.002666183,,
0.476671566,0.004027871,,
0.477018788,0.00523477,,
0.47736601,0.006240499,,
0.477713232,0.00700641,,
0.478060454,0.007503068,,
0.478407677,0.007711387,,
0.478754899,0.007623363,,
0.479102121,0.007242376,,
0.479449343,0.00658307,,
0.479796566,0.005670779,,
0.480143788,0.004540564,,
0.48049101,0.003235857,,
0.480838232,0.001806798,,
0.481185454,0.000308305,,
0.481532677,-0.001202036,,
0.481879899,-0.002666183,,
0.482227121,-0.004027871,,
0.482574343,-0.00523477,,
0.482921566,-0.006240499,,
0.483268788,-0.00700641,,
0.48361601,-0.007503068,,
0.483963232,-0.007711387,,
0.484310454,-0.007623363,,
0.484657677,-0.007242376,,
0.485004899,-0.00658307,,
0.485352121,-0.005670779,,
0.485699343,-0.004540564,,
0.486046566,-0.003235857,,
0.486393788,-0.001806798,,
0.48674101,-0.000308305,,
0.487088232,0.001202036,,
0.487435454,0.002666183,,
0.487782677,0.004027871,,
0.488129899,0.00523477,,
0.488477121,0.006240499,,
0.488824343,0.00700641,,
0.489171566,0.007503068,,
0.489518788,0.007711387,,
0.48986601,0.007623363,,
0.490213232,0.007242376,,
0.490560454,0.00658307,,
0.490907677,0.005670779,,
0.491254899,0.004540564,,
0.491602121,0.003235857,,
0.491949343,0.001806798,,
0.492296566,0.000308305,,
0.492643788,-0.001202036,,
0.49299101,-0.002666183,,
0.493338232,-0.004027871,,
0.493685454,-0.00523477,,
0.494032677,-0.006240499,,
0.494379899,-0.00700641,,
0.494727121,-0.007503068,,
0.495074343,-0.007711387,,
0.495421566,-0.007623363,,
0.495768788,-0.007242376,,
0.49611601,-0.00658307,,
0.496463232,-0.005670779,,
0.496810454,-0.004540564,,
0.497157677,-0.003235857,,
0.497504899,-0.001806798,,
0.497852121,-0.000308305,,
0.498199343,0.001202036,,
0.498546566,0.002666183,,
0.498893788,0.004027871,,
0.49924101,0.00523477,,
0.499588232,0.006240499,,
0.499935454,0.00700641,,
0.500282677,0.007503068,,
0.500629899,0.007711387,,
0.500977121,0.007623363,,
0.501324343,0.007242376,,
0.501671566,0.00658307,,
0.502018788,0.005670779,,
0.50236601,0.004540564,,
0.502713232,0.003235857,,
0.503060454,0.001806798,,
0.503407677,0.000308305,,
0.503754899,-0.001202036,,
0.504102121,-0.002666183,,
0.504449343,-0.004027871,,
0.504796566,-0.00523477,,
0.505143788,-0.006240499,,
0.50549101,-0.00700641,,
0.505838232,-0.007503068,,
0.506185454,-0.007711387,,
0.506532677,-0.007623363,,
0.506879899,-0.007242376,,
0.507227121,-0.00658307,,
0.507574343,-0.005670779,,
0.507921566,-0.004540564,,
0.508268788,-0.003235857,,
0.50861601,-0.001806798,,
0.508963232,-0.000308305,,
0.509310454,0.001202036,,
0.509657677,0.002666183,,
0.510004899,0.004027871,,
0.510352121,0.00523477,,
0.510699343,0.006240499,,
0.511046566,0.00700641,,
0.511393788,0.007503068,,
0.51174101,0.007711387,,
0.512088232,0.007623363,,
0.512435454,0.007242376,,
0.512782677,0.00658307,,
0.513129899,0.005670779,,
0.513477121,0.004540564,,
0.513824343,0.003235857,,
0.514171566,0.001806798,,
0.514518788,0.000308305,,
0.51486601,-0.001202036,,
0.515213232,-0.002666183,,
0.515560454,-0.004027871,,
0.515907677,-0.00523477,,
0.516254899,-0.006240499,,
0.516602121,-0.00700641,,
0.516949343,-0.007503068,,
0.517296566,-0.007711387,,
0.517643788,-0.007623363,,
0.51799101,-0.007242376,,
0.518338232,-0.00658307,,
0.518685454,-0.005670779,,
0.519032677,-0.004540564,,
0.519379899,-0.003235857,,
0.519727121,-0.001806798,,
0.520074343,-0.000308305,,
0.520421566,0.001202036,,
0.520768788,0.002666183,,
0.52111601,0.004027871,,
0.521463232,0.00523477,,
0.521810454,0.006240499,,
0.522157677,0.00700641,,
0.522504899,0.007503068,,
0.522852121,0.007711387,,
0.523199343,0.007623363,,
0.523546566,0.007242376,,
0.523893788,0.00658307,,
0.52424101,0.005670779,,
0.524588232,0.004540564,,
0.524935454,0.003235857,,
0.525282677,0.001806798,,
0.525629899,0.000308305,,
0.525977121,-0.001202036,,
0.526324343,-0.002666183,,
0.526671566,-0.004027871,,
0.527018788,-0.00523477,,
0.52736601,-0.006240499,,
0.527713232,-0.00700641,,
0.528060454,-0.007503068,,
0.528407677,-0.007711387,,
0.528754899,-0.007623363,,
0.529102121,-0.007242376,,
0.529449343,-0.00658307,,
0.529796566,-0.005670779,,
0.530143788,-0.004540564,,
0.53049101,-0.003235857,,
0.530838232,-0.001806798,,
0.531185454,-0.000308305,,
0.531532677,0.001202036,,
0.531879899,0.002666183,,
0.532227121,0.004027871,,
0.532574343,0.00523477,,
0.532921566,0.006240499,,
0.533268788,0.00700641,,
0.53361601,0.007503068,,
0.533963232,0.007711387,,
0.534310454,0.007623363,,
0.534657677,0.007242376,,
0.535004899,0.00658307,,
0.535352121,0.005670779,,
0.535699343,0.004540564,,
0.536046566,0.003235857,,
0.536393788,0.001806798,,
0.53674101,0.000308305,,
0.537088232,-0.001202036,,
0.537435454,-0.002666183,,
0.537782677,-0.004027871,,
0.538129899,-0.00523477,,
0.538477121,-0.006240499,,
0.538824343,-0.00700641,,
0.539171566,-0.007503068,,
0.539518788,-0.007711387,,
0.53986601,-0.007623363,,
0.540213232,-0.007242376,,
0.540560454,-0.00658307,,
0.540907677,-0.005670779,,
0.541254899,-0.004540564,,
0.541602121,-0.003235857,,
0.541949343,-0.001806798,,
0.542296566,-0.000308305,,
0.542643788,0.001202036,,
0.54299101,0.002666183,,
0.543338232,0.004027871,,
0.543685454,0.00523477,,
0.544032677,0.006240499,,
0.544379899,0.00700641,,
0.544727121,0.007503068,,
0.545074343,0.007711387,,
0.545421566,0.007623363,,
0.545768788,0.007242376,,
0.54611601,0.00658307,,
0.546463232,0.005670779,,
0.546810454,0.004540564,,
0.547157677,0.003235857,,
0.547504899,0.001806798,,
0.547852121,0.000308305,,
0.548199343,-0.001202036,,
0.548546566,-0.002666183,,
0.548893788,-0.004027871,,
0.54924101,-0.00523477,,
0.549588232,-0.006240499,,
0.549935454,-0.00700641,,
0.550282677,-0.007503068,,
0.550629899,-0.007711387,,
0.550977121,-0.007623363,,
0.551324343,-0.007242376,,
0.551671566,-0.00658307,,
0.552018788,-0.005670779,,
0.55236601,-0.004540564,,
0.552713232,-0.003235857,,
0.553060454,-0.001806798,,
0.553407677,-0.000308305,,
0.553754899,0.001202036,,
0.554102121,0.002666183,,
0.554449343,0.004027871,,
0.554796566,0.00523477,,
0.555143788,0.006240499,,
0.55549101,0.00700641,,
0.555838232,0.007503068,,
0.556185454,0.007711387,,
0.556532677,0.007623363,,
0.556879899,0.007242376,,
0.557227121,0.00658307,,
0.557574343,0.005670779,,
0.557921566,0.004540564,,
0.558268788,0.003235857,,
0.55861601,0.001806798,,
0.558963232,0.000308305,,
0.559310454,-0.001202036,,
0.559657677,-0.002666183,,
0.560004899,-0.004027871,,
0.560352121,-0.00523477,,
0.560699343,-0.006240499,,
0.561046566,-0.00700641,,
0.561393788,-0.007503068,,
0.56174101,-0.007711387,,
0.562088232,-0.007623363,,
0.562435454,-0.007242376,,
0.562782677,-0.00658307,,
0.563129899,-0.005670779,,
0.563477121,-0.004540564,,
0.563824343,-0.003235857,,
0.564171566,-0.001806798,,
0.564518788,-0.000308305,,
0.56486601,0.001202036,,
0.565213232,0.002666183,,
0.565560454,0.004027871,,
0.565907677,0.00523477,,
0.566254899,0.006240499,,
0.566602121,0.00700641,,
0.566949343,0.007503068,,
0.567296566,0.007711387,,
0.567643788,0.007623363,,
0.56799101,0.007242376,,
0.568338232,0.00658307,,
0.568685454,0.005670779,,
0.569032677,0.004540564,,
0.569379899,0.003235857,,
0.569727121,0.001806798,,
0.570074343,0.000308305,,
0.570421566,-0.001202036,,
0.570768788,-0.002666183,,
0.57111601,-0.004027871,,
0.571463232,-0.00523477,,
0.571810454,-0.006240499,,
0.572157677,-0.00700641,,
0.572504899,-0.007503068,,
0.572852121,-0.007711387,,
0.573199343,-0.007623363,,
0.573546566,-0.007242376,,
0.573893788,-0.00658307,,
0.57424101,-0.005670779,,
0.574588232,-0.004540564,,
0.574935454,-0.003235857,,
0.575282677,-0.001806798,,
0.575629899,-0.000308305,,
0.575977121,0.001202036,,
0.576324343,0.002666183,,
0.576671566,0.004027871,,
0.577018788,0.00523477,,
0.57736601,0.006240499,,
0.577713232,0.00700641,,
0.578060454,0.007503068,,
0.578407677,0.007711387,,
0.578754899,0.007623363,,
0.579102121,0.007242376,,
0.579449343,0.00658307,,
0.579796566,0.005670779,,
0.580143788,0.004540564,,
0.58049101,0.003235857,,
0.580838232,0.001806798,,
0.581185454,0.000308305,,
0.581532677,-0.001202036,,
0.581879899,-0.002666183,,
0.582227121,-0.004027871,,
0.582574343,-0.00523477,,
0.582921566,-0.006240499,,
0.583268788,-0.00700641,,
0.58361601,-0.007503068,,
0.583963232,-0.007711387,,
0.584310454,-0.007623363,,
0.584657677,-0.007242376,,
0.585004899,-0.00658307,,
0.585352121,-0.005670779,,
0.585699343,-0.004540564,,
0.586046566,-0.003235857,,
0.586393788,-0.001806798,,
0.58674101,-0.000308305,,
0.587088232,0.001202036,,
0.587435454,0.002666183,,
0.587782677,0.004027871,,
0.588129899,0.00523477,,
0.588477121,0.006240499,,
0.588824343,0.00700641,,
0.589171566,0.007503068,,
0.589518788,0.007711387,,
0.58986601,0.007623363,,
0.590213232,0.007242376,,
0.590560454,0.00658307,,
0.590907677,0.005670779,,
0.591254899,0.004540564,,
0.591602121,0.003235857,,
0.591949343,0.001806798,,
0.592296566,0.000308305,,
0.592643788,-0.001202036,,
0.59299101,-0.002666183,,
0.593338232,-0.004027871,,
0.593685454,-0.00523477,,
0.594032677,-0.006240499,,
0.594379899,-0.00700641,,
0.594727121,-0.007503068,,
0.595074343,-0.007711387,,
0.595421566,-0.007623363,,
0.595768788,-0.007242376,,
0.59611601,-0.00658307,,
0.596463232,-0.005670779,,
0.596810454,-0.004540564,,
0.597157677,-0.003235857,,
0.597504899,-0.001806798,,
0.597852121,-0.000308305,,
0.598199343,0.001202036,,
0.598546566,0.002666183,,
0.598893788,0.004027871,,
0.59924101,0.00523477,,
0.599588232,0.006240499,,
0.599935454,0.00700641,,
0.600282677,0.007503068,,
0.600629899,0.007711387,,
0.600977121,0.007623363,,
0.601324343,0.007242376,,
0.601671566,0.00658307,,
0.602018788,0.005670779,,
0.60236601,0.004540564,,
0.602713232,0.003235857,,
0.603060454,0.001806798,,
0.603407677,0.000308305,,
0.603754899,-0.001202036,,
0.604102121,-0.002666183,,
0.604449343,-0.004027871,,
0.604796566,-0.00523477,,
0.605143788,-0.006240499,,
0.60549101,-0.00700641,,
0.605838232,-0.007503068,,
0.606185454,-0.007711387,,
0.606532677,-0.007623363,,
0.606879899,-0.007242376,,
0.607227121,-0.00658307,,
0.607574343,-0.005670779,,
0.607921566,-0.004540564,,
0.608268788,-0.003235857,,
0.60861601,-0.001806798,,
0.608963232,-0.000308305,,
0.609310454,0.001202036,,
0.609657677,0.002666183,,
0.610004899,0.004027871,,
0.610352121,0.00523477,,
0.610699343,0.006240499,,
0.611046566,0.00700641,,
0.611393788,0.007503068,,
0.61174101,0.007711387,,
0.612088232,0.007623363,,
0.612435454,0.007242376,,
0.612782677,0.00658307,,
0.613129899,0.005670779,,
0.613477121,0.004540564,,
0.613824343,0.003235857,,
0.614171566,0.001806798,,
0.614518788,0.000308305,,
0.61486601,-0.001202036,,
0.615213232,-0.002666183,,
0.615560454,-0.004027871,,
0.615907677,-0.00523477,,
0.616254899,-0.006240499,,
0.616602121,-0.00700641,,
0.616949343,-0.007503068,,
0.617296566,-0.007711387,,
0.617643788,-0.007623363,,
0.61799101,-0.007242376,,
0.618338232,-0.00658307,,
0.618685454,-0.005670779,,
0.619032677,-0.004540564,,
0.619379899,-0.003235857,,
0.619727121,-0.001806798,,
0.620074343,-0.000308305,,
0.620421566,0.001202036,,
0.620768788,0.002666183,,
0.62111601,0.004027871,,
0.621463232,0.00523477,,
0.621810454,0.006240499,,
0.622157677,0.00700641,,
0.622504899,0.007503068,,
0.622852121,0.007711387,,
0.623199343,0.007623363,,
0.623546566,0.007242376,,
0.623893788,0.00658307,,
0.62424101,0.005670779,,
0.624588232,0.004540564,,
0.624935454,0.003235857,,
0.625282677,0.001806798,,
0.625629899,0.000308305,,
0.625977121,-0.001202036,,
0.626324343,-0.002666183,,
0.626671566,-0.004027871,,
0.627018788,-0.00523477,,
0.62736601,-0.006240499,,
0.627713232,-0.00700641,,
0.628060454,-0.007503068,,
0.628407677,-0.007711387,,
0.628754899,-0.007623363,,
0.629102121,-0.007242376,,
0.629449343,-0.00658307,,
0.629796566,-0.005670779,,
0.630143788,-0.004540564,,
0.63049101,-0.003235857,,
0.630838232,-0.001806798,,
0.631185454,-0.000308305,,
0.631532677,0.001202036,,
0.631879899,0.002666183,,
0.632227121,0.004027871,,
0.632574343,0.00523477,,
0.632921566,0.006240499,,
0.633268788,0.00700641,,
0.63361601,0.007503068,,
0.633963232,0.007711387,,
0.634310454,0.007623363,,
0.634657677,0.007242376,,
0.635004899,0.00658307,,
0.635352121,0.005670779,,
0.635699343,0.004540564,,
0.636046566,0.003235857,,
0.636393788,0.001806798,,
0.63674101,0.000308305,,
0.637088232,-0.001202036,,
0.637435454,-0.002666183,,
0.637782677,-0.004027871,,
0.638129899,-0.00523477,,
0.638477121,-0.006240499,,
0.638824343,-0.00700641,,
0.639171566,-0.007503068,,
0.639518788,-0.007711387,,
0.63986601,-0.007623363,,
0.640213232,-0.007242376,,
0.640560454,-0.00658307,,
0.640907677,-0.005670779,,
0.641254899,-0.004540564,,
0.641602121,-0.003235857,,
0.641949343,-0.001806798,,
0.642296566,-0.000308305,,
0.642643788,0.001202036,,
0.64299101,0.002666183,,
0.643338232,0.004027871,,
0.643685454,0.00523477,,
0.644032677,0.006240499,,
0.644379899,0.00700641,,
0.644727121,0.007503068,,
0.645074343,0.007711387,,
0.645421566,0.007623363,,
0.645768788,0.007242376,,
0.64611601,0.00658307,,
0.646463232,0.005670779,,
0.646810454,0.004540564,,
0.647157677,0.003235857,,
0.647504899,0.001806798,,
0.647852121,0.000308305,,
0.648199343,-0.001202036,,
0.648546566,-0.002666183,,
0.648893788,-0.004027871,,
0.64924101,-0.00523477,,
0.649588232,-0.006240499,,
0.649935454,-0.00700641,,
0.650282677,-0.007503068,,
0.650629899,-0.007711387,,
0.650977121,-0.007623363,,
0.651324343,-0.007242376,,
0.651671566,-0.00658307,,
0.652018788,-0.005670779,,
0.65236601,-0.004540564,,
0.652713232,-0.003235857,,
0.653060454,-0.001806798,,
0.653407677,-0.000308305,,
0.653754899,0.001202036,,
0.654102121,0.002666183,,
0.654449343,0.004027871,,
0.654796566,0.00523477,,
0.655143788,0.006240499,,
0.65549101,0.00700641,,
0.655838232,0.007503068,,
0.656185454,0.007711387,,
0.656532677,0.007623363,,
0.656879899,0.007242376,,
0.657227121,0.00658307,,
0.657574343,0.005670779,,
0.657921566,0.004540564,,
0.658268788,0.003235857,,
0.65861601,0.001806798,,
0.658963232,0.000308305,,
0.659310454,-0.001202036,,
0.659657677,-0.002666183,,
0.660004899,-0.004027871,,
0.660352121,-0.00523477,,
0.660699343,-0.006240499,,
0.661046566,-0.00700641,,
0.661393788,-0.007503068,,
0.66174101,-0.007711387,,
0.662088232,-0.007623363,,
0.662435454,-0.007242376,,
0.662782677,-0.00658307,,
0.663129899,-0.005670779,,
0.663477121,-0.004540564,,
0.663824343,-0.003235857,,
0.664171566,-0.001806798,,
0.664518788,-0.000308305,,
0.66486601,0.001202036,,
0.665213232,0.002666183,,
0.665560454,0.004027871,,
0.665907677,0.00523477,,
0.666254899,0.006240499,,
0.666602121,0.00700641,,
0.666949343,0.007503068,,
0.667296566,0.007711387,,
0.667643788,0.007623363,,
0.66799101,0.007242376,,
0.668338232,0.00658307,,
0.668685454,0.005670779,,
0.669032677,0.004540564,,
0.669379899,0.003235857,,
0.669727121,0.001806798,,
0.670074343,0.000308305,,
0.670421566,-0.001202036,,
0.670768788,-0.002666183,,
0.67111601,-0.004027871,,
0.671463232,-0.00523477,,
0.671810454,-0.006240499,,
0.672157677,-0.00700641,,
0.672504899,-0.007503068,,
0.672852121,-0.007711387,,
0.673199343,-0.007623363,,
0.673546566,-0.007242376,,
0.673893788,-0.00658307,,
0.67424101,-0.005670779,,
0.674588232,-0.004540564,,
0.674935454,-0.003235857,,
0.675282677,-0.001806798,,
0.675629899,-0.000308305,,
0.675977121,0.001202036,,
0.676324343,0.002666183,,
0.676671566,0.004027871,,
0.677018788,0.00523477,,
0.67736601,0.006240499,,
0.677713232,0.00700641,,
0.678060454,0.007503068,,
0.678407677,0.007711387,,
0.678754899,0.007623363,,
0.679102121,0.007242376,,
0.679449343,0.00658307,,
0.679796566,0.005670779,,
0.680143788,0.004540564,,
0.68049101,0.003235857,,
0.680838232,0.001806798,,
0.681185454,0.000308305,,
0.681532677,-0.001202036,,
0.681879899,-0.002666183,,
0.682227121,-0.004027871,,
0.682574343,-0.00523477,,
0.682921566,-0.006240499,,
0.683268788,-0.00700641,,
0.68361601,-0.007503068,,
0.683963232,-0.007711387,,
0.684310454,-0.007623363,,
0.684657677,-0.007242376,,
0.685004899,-0.00658307,,
0.685352121,-0.005670779,,
0.685699343,-0.004540564,,
0.686046566,-0.003235857,,
0.686393788,-0.001806798,,
0.68674101,-0.000308305,,
0.687088232,0.001202036,,
0.687435454,0.002666183,,
0.687782677,0.004027871,,
0.688129899,0.00523477,,
0.688477121,0.006240499,,
0.688824343,0.00700641,,
0.689171566,0.007503068,,
0.689518788,0.007711387,,
0.68986601,0.007623363,,
0.690213232,0.007242376,,
0.690560454,0.00658307,,
0.690907677,0.005670779,,
0.691254899,0.004540564,,
0.691602121,0.003235857,,
0.691949343,0.001806798,,
0.692296566,0.000308305,,
0.692643788,-0.001202036,,
0.69299101,-0.002666183,,
0.693338232,-0.004027871,,
0.693685454,-0.00523477,,
0.694032677,-0.006240499,,
0.694379899,-0.00700641,,
0.694727121,-0.007503068,,
0.695074343,-0.007711387,,
0.695421566,-0.007623363,,
0.695768788,-0.007242376,,
0.69611601,-0.00658307,,
0.696463232,-0.005670779,,
0.696810454,-0.004540564,,
0.697157677,-0.003235857,,
0.697504899,-0.001806798,,
0.697852121,-0.000308305,,
0.698199343,0.001202036,,
0.698546566,0.002666183,,
0.698893788,0.004027871,,
0.69924101,0.00523477,,
0.699588232,0.006240499,,
0.699935454,0.00700641,,
0.700282677,0.007503068,,
0.700629899,0.007711387,,
0.700977121,0.007623363,,
0.701324343,0.007242376,,
0.701671566,0.00658307,,
0.702018788,0.005670779,,
0.70236601,0.004540564,,
0.702713232,0.003235857,,
0.703060454,0.001806798,,
0.703407677,0.000308305,,
0.703754899,-0.001202036,,
0.704102121,-0.002666183,,
0.704449343,-0.004027871,,
0.704796566,-0.00523477,,
0.705143788,-0.006240499,,
0.70549101,-0.00700641,,
0.705838232,-0.007503068,,
0.706185454,-0.007711387,,
0.706532677,-0.007623363,,
0.706879899,-0.007242376,,
0.707227121,-0.00658307,,
0.707574343,-0.005670779,,
0.707921566,-0.004540564,,
0.708268788,-0.003235857,,
0.70861601,-0.001806798,,
0.708963232,-0.000308305,,
0.709310454,0.001202036,,
0.709657677,0.002666183,,
0.710004899,0.004027871,,
0.710352121,0.00523477,,
0.710699343,0.006240499,,
0.711046566,0.00700641,,
0.711393788,0.007503068,,
0.71174101,0.007711387,,
0.712088232,0.007623363,,
0.712435454,0.007242376,,
0.712782677,0.00658307,,
0.713129899,0.005670779,,
0.713477121,0.004540564,,
0.713824343,0.003235857,,
0.714171566,0.001806798,,
0.714518788,0.000308305,,
0.71486601,-0.001202036,,
0.715213232,-0.002666183,,
0.715560454,-0.004027871,,
0.715907677,-0.00523477,,
0.716254899,-0.006240499,,
0.716602121,-0.00700641,,
0.716949343,-0.007503068,,
0.717296566,-0.007711387,,
0.717643788,-0.007623363,,
0.71799101,-0.007242376,,
0.718338232,-0.00658307,,
0.718685454,-0.005670779,,
0.719032677,-0.004540564,,
0.719379899,-0.003235857,,
0.719727121,-0.001806798,,
0.720074343,-0.000308305,,
0.720421566,0.001202036,,
0.720768788,0.002666183,,
0.72111601,0.004027871,,
0.721463232,0.00523477,,
0.721810454,0.006240499,,
0.722157677,0.00700641,,
0.722504899,0.007503068,,
0.722852121,0.007711387,,
0.723199343,0.007623363,,
0.723546566,0.007242376,,
0.723893788,0.00658307,,
0.72424101,0.005670779,,
0.724588232,0.004540564,,
0.724935454,0.003235857,,
0.725282677,0.001806798,,
0.725629899,0.000308305,,
0.725977121,-0.001202036,,
0.726324343,-0.002666183,,
0.726671566,-0.004027871,,
0.727018788,-0.00523477,,
0.72736601,-0.006240499,,
0.727713232,-0.00700641,,
0.728060454,-0.007503068,,
0.728407677,-0.007711387,,
0.728754899,-0.007623363,,
0.729102121,-0.007242376,,
0.729449343,-0.00658307,,
0.729796566,-0.005670779,,
0.730143788,-0.004540564,,
0.73049101,-0.003235857,,
0.730838232,-0.001806798,,
0.731185454,-0.000308305,,
0.731532677,0.001202036,,
0.731879899,0.002666183,,
0.732227121,0.004027871,,
0.732574343,0.00523477,,
0.732921566,0.006240499,,
0.733268788,0.00700641,,
0.73361601,0.007503068,,
0.733963232,0.007711387,,
0.734310454,0.007623363,,
0.734657677,0.007242376,,
0.735004899,0.00658307,,
0.735352121,0.005670779,,
0.735699343,0.004540564,,
0.736046566,0.003235857,,
0.736393788,0.001806798,,
0.73674101,0.000308305,,
0.737088232,-0.001202036,,
0.737435454,-0.002666183,,
0.737782677,-0.004027871,,
0.738129899,-0.00523477,,
0.738477121,-0.006240499,,
0.738824343,-0.00700641,,
0.739171566,-0.007503068,,
0.739518788,-0.007711387,,
0.73986601,-0.007623363,,
0.740213232,-0.007242376,,
0.740560454,-0.00658307,,
0.740907677,-0.005670779,,
0.741254899,-0.004540564,,
0.741602121,-0.003235857,,
0.741949343,-0.001806798,,
0.742296566,-0.000308305,,
0.742643788,0.001202036,,
0.74299101,0.002666183,,
0.743338232,0.004027871,,
0.743685454,0.00523477,,
0.744032677,0.006240499,,
0.744379899,0.00700641,,
0.744727121,0.007503068,,
0.745074343,0.007711387,,
0.745421566,0.007623363,,
0.745768788,0.007242376,,
0.74611601,0.00658307,,
0.746463232,0.005670779,,
0.746810454,0.004540564,,
0.747157677,0.003235857,,
0.747504899,0.001806798,,
0.747852121,0.000308305,,
0.748199343,-0.001202036,,
0.748546566,-0.002666183,,
0.748893788,-0.004027871,,
0.74924101,-0.00523477,,
0.749588232,-0.006240499,,
0.749935454,-0.00700641,,
0.750282677,-0.007503068,,
0.750629899,-0.007711387,,
0.750977121,-0.007623363,,
0.751324343,-0.007242376,,
0.751671566,-0.00658307,,
0.752018788,-0.005670779,,
0.75236601,-0.004540564,,
0.752713232,-0.003235857,,
0.753060454,-0.001806798,,
0.753407677,-0.000308305,,
0.753754899,0.001202036,,
0.754102121,0.002666183,,
0.754449343,0.004027871,,
0.754796566,0.00523477,,
0.755143788,0.006240499,,
0.75549101,0.00700641,,
0.755838232,0.007503068,,
0.756185454,0.007711387,,
0.756532677,0.007623363,,
0.756879899,0.007242376,,
0.757227121,0.00658307,,
0.757574343,0.005670779,,
0.757921566,0.004540564,,
0.758268788,0.003235857,,
0.75861601,0.001806798,,
0.758963232,0.000308305,,
0.759310454,-0.001202036,,
0.759657677,-0.002666183,,
0.760004899,-0.004027871,,
0.760352121,-0.00523477,,
0.760699343,-0.006240499,,
0.761046566,-0.00700641,,
0.761393788,-0.007503068,,
0.76174101,-0.007711387,,
0.762088232,-0.007623363,,
0.762435454,-0.007242376,,
0.762782677,-0.00658307,,
0.763129899,-0.005670779,,
0.763477121,-0.004540564,,
0.763824343,-0.003235857,,
0.764171566,-0.001806798,,
0.764518788,-0.000308305,,
0.76486601,0.001202036,,
0.765213232,0.002666183,,
0.765560454,0.004027871,,
0.765907677,0.00523477,,
0.766254899,0.006240499,,
0.766602121,0.00700641,,
0.766949343,0.007503068,,
0.767296566,0.007711387,,
0.767643788,0.007623363,,
0.76799101,0.007242376,,
0.768338232,0.00658307,,
0.768685454,0.005670779,,
0.769032677,0.004540564,,
0.769379899,0.003235857,,
0.769727121,0.001806798,,
0.770074343,0.000308305,,
0.770421566,-0.001202036,,
0.770768788,-0.002666183,,
0.77111601,-0.004027871,,
0.771463232,-0.00523477,,
0.771810454,-0.006240499,,
0.772157677,-0.00700641,,
0.772504899,-0.007503068,,
0.772852121,-0.007711387,,
0.773199343,-0.007623363,,
0.773546566,-0.007242376,,
0.773893788,-0.00658307,,
0.77424101,-0.005670779,,
0.774588232,-0.004540564,,
0.774935454,-0.003235857,,
0.775282677,-0.001806798,,
0.775629899,-0.000308305,,
0.775977121,0.001202036,,
0.776324343,0.002666183,,
0.776671566,0.004027871,,
0.777018788,0.00523477,,
0.77736601,0.006240499,,
0.777713232,0.00700641,,
0.778060454,0.007503068,,
0.778407677,0.007711387,,
0.778754899,0.007623363,,
0.779102121,0.007242376,,
0.779449343,0.00658307,,
0.779796566,0.005670779,,
0.780143788,0.004540564,,
0.78049101,0.003235857,,
0.780838232,0.001806798,,
0.781185454,0.000308305,,
0.781532677,-0.001202036,,
0.781879899,-0.002666183,,
0.782227121,-0.004027871,,
0.782574343,-0.00523477,,
0.782921566,-0.006240499,,
0.783268788,-0.00700641,,
0.78361601,-0.007503068,,
0.783963232,-0.007711387,,
0.784310454,-0.007623363,,
0.784657677,-0.007242376,,
0.785004899,-0.00658307,,
0.785352121,-0.005670779,,
0.785699343,-0.004540564,,
0.786046566,-0.003235857,,
0.786393788,-0.001806798,,
0.78674101,-0.000308305,,
0.787088232,0.001202036,,
0.787435454,0.002666183,,
0.787782677,0.004027871,,
0.788129899,0.00523477,,
0.788477121,0.006240499,,
0.788824343,0.00700641,,
0.789171566,0.007503068,,
0.789518788,0.007711387,,
0.78986601,0.007623363,,
0.790213232,0.007242376,,
0.790560454,0.00658307,,
0.790907677,0.005670779,,
0.791254899,0.004540564,,
0.791602121,0.003235857,,
0.791949343,0.001806798,,
0.792296566,0.000308305,,
0.792643788,-0.001202036,,
0.79299101,-0.002666183,,
0.793338232,-0.004027871,,
0.793685454,-0.00523477,,
0.794032677,-0.006240499,,
0.794379899,-0.00700641,,
0.794727121,-0.007503068,,
0.795074343,-0.007711387,,
0.795421566,-0.007623363,,
0.795768788,-0.007242376,,
0.79611601,-0.00658307,,
0.796463232,-0.005670779,,
0.796810454,-0.004540564,,
0.797157677,-0.003235857,,
0.797504899,-0.001806798,,
0.797852121,-0.000308305,,
0.798199343,0.001202036,,
0.798546566,0.002666183,,
0.798893788,0.004027871,,
0.79924101,0.00523477,,
0.799588232,0.006240499,,
0.799935454,0.00700641,,
0.800282677,0.007503068,,
0.800629899,0.007711387,,
0.800977121,0.007623363,,
0.801324343,0.007242376,,
0.801671566,0.00658307,,
0.802018788,0.005670779,,
0.80236601,0.004540564,,
0.802713232,0.003235857,,
0.803060454,0.001806798,,
0.803407677,0.000308305,,
0.803754899,-0.001202036,,
0.804102121,-0.002666183,,
0.804449343,-0.004027871,,
0.804796566,-0.00523477,,
0.805143788,-0.006240499,,
0.80549101,-0.00700641,,
0.805838232,-0.007503068,,
0.806185454,-0.007711387,,
0.806532677,-0.007623363,,
0.806879899,-0.007242376,,
0.807227121,-0.00658307,,
0.807574343,-0.005670779,,
0.807921566,-0.004540564,,
0.808268788,-0.003235857,,
0.80861601,-0.001806798,,
0.808963232,-0.000308305,,
0.809310454,0.001202036,,
0.809657677,0.002666183,,
0.810004899,0.004027871,,
0.810352121,0.00523477,,
0.810699343,0.006240499,,
0.811046566,0.00700641,,
0.811393788,0.007503068,,
0.81174101,0.007711387,,
0.812088232,0.007623363,,
0.812435454,0.007242376,,
0.812782677,0.00658307,,
0.813129899,0.005670779,,
0.813477121,0.004540564,,
0.813824343,0.003235857,,
0.814171566,0.001806798,,
0.814518788,0.000308305,,
0.81486601,-0.001202036,,
0.815213232,-0.002666183,,
0.815560454,-0.004027871,,
0.815907677,-0.00523477,,
0.816254899,-0.006240499,,
0.816602121,-0.00700641,,
0.816949343,-0.007503068,,
0.817296566,-0.007711387,,
0.817643788,-0.007623363,,
0.81799101,-0.007242376,,
0.818338232,-0.00658307,,
0.818685454,-0.005670779,,
0.819032677,-0.004540564,,
0.819379899,-0.003235857,,
0.819727121,-0.001806798,,
0.820074343,-0.000308305,,
0.820421566,0.001202036,,
0.820768788,0.002666183,,
0.82111601,0.004027871,,
0.821463232,0.00523477,,
0.821810454,0.006240499,,
0.822157677,0.00700641,,
0.822504899,0.007503068,,
0.822852121,0.007711387,,
0.823199343,0.007623363,,
0.823546566,0.007242376,,
0.823893788,0.00658307,,
0.82424101,0.005670779,,
0.824588232,0.004540564,,
0.824935454,0.003235857,,
0.825282677,0.001806798,,
0.825629899,0.000308305,,
0.825977121,-0.001202036,,
0.826324343,-0.002666183,,
0.826671566,-0.004027871,,
0.827018788,-0.00523477,,
0.82736601,-0.006240499,,
0.827713232,-0.00700641,,
0.828060454,-0.007503068,,
0.828407677,-0.007711387,,
0.828754899,-0.007623363,,
0.829102121,-0.007242376,,
0.829449343,-0.00658307,,
0.829796566,-0.005670779,,
0.830143788,-0.004540564,,
0.83049101,-0.003235857,,
0.830838232,-0.001806798,,
0.831185454,-0.000308305,,
0.831532677,0.001202036,,
0.831879899,0.002666183,,
0.832227121,0.004027871,,
0.832574343,0.00523477,,
0.832921566,0.006240499,,
0.833268788,0.00700641,,
0.83361601,0.007503068,,
0.833963232,0.007711387,,
0.834310454,0.007623363,,
0.834657677,0.007242376,,
0.835004899,0.00658307,,
0.835352121,0.005670779,,
0.835699343,0.004540564,,
0.836046566,0.003235857,,
0.836393788,0.001806798,,
0.83674101,0.000308305,,
0.837088232,-0.001202036,,
0.837435454,-0.002666183,,
0.837782677,-0.004027871,,
0.838129899,-0.00523477,,
0.838477121,-0.006240499,,
0.838824343,-0.00700641,,
0.839171566,-0.007503068,,
0.839518788,-0.007711387,,
0.83986601,-0.007623363,,
0.840213232,-0.007242376,,
0.840560454,-0.00658307,,
0.840907677,-0.005670779,,
0.841254899,-0.004540564,,
0.841602121,-0.003235857,,
0.841949343,-0.001806798,,
0.842296566,-0.000308305,,
0.842643788,0.001202036,,
0.84299101,0.002666183,,
0.843338232,0.004027871,,
0.843685454,0.00523477,,
0.844032677,0.006240499,,
0.844379899,0.00700641,,
0.844727121,0.007503068,,
0.845074343,0.007711387,,
0.845421566,0.007623363,,
0.845768788,0.007242376,,
0.84611601,0.00658307,,
0.846463232,0.005670779,,
0.846810454,0.004540564,,
0.847157677,0.003235857,,
0.847504899,0.001806798,,
0.847852121,0.000308305,,
0.848199343,-0.001202036,,
0.848546566,-0.002666183,,
0.848893788,-0.004027871,,
0.84924101,-0.00523477,,
0.849588232,-0.006240499,,
0.849935454,-0.00700641,,
0.850282677,-0.007503068,,
0.850629899,-0.007711387,,
0.850977121,-0.007623363,,
0.851324343,-0.007242376,,
0.851671566,-0.00658307,,
0.852018788,-0.005670779,,
0.85236601,-0.004540564,,
0.852713232,-0.003235857,,
0.853060454,-0.001806798,,
0.853407677,-0.000308305,,
0.853754899,0.001202036,,
0.854102121,0.002666183,,
0.854449343,0.004027871,,
0.854796566,0.00523477,,
0.855143788,0.006240499,,
0.85549101,0.00700641,,
0.855838232,0.007503068,,
0.856185454,0.007711387,,
0.856532677,0.007623363,,
0.856879899,0.007242376,,
0.857227121,0.00658307,,
0.857574343,0.005670779,,
0.857921566,0.004540564,,
0.858268788,0.003235857,,
0.85861601,0.001806798,,
0.858963232,0.000308305,,
0.859310454,-0.001202036,,
0.859657677,-0.002666183,,
0.860004899,-0.004027871,,
0.860352121,-0.00523477,,
0.860699343,-0.006240499,,
0.861046566,-0.00700641,,
0.861393788,-0.007503068,,
0.86174101,-0.007711387,,
0.862088232,-0.007623363,,
0.862435454,-0.007242376,,
0.862782677,-0.00658307,,
0.863129899,-0.005670779,,
0.863477121,-0.004540564,,
0.863824343,-0.003235857,,
0.864171566,-0.001806798,,
0.864518788,-0.000308305,,
0.86486601,0.001202036,,
0.865213232,0.002666183,,
0.865560454,0.004027871,,
0.865907677,0.00523477,,
0.866254899,0.006240499,,
0.866602121,0.00700641,,
0.866949343,0.007503068,,
0.867296566,0.007711387,,
0.867643788,0.007623363,,
0.86799101,0.007242376,,
0.868338232,0.00658307,,
0.868685454,0.005670779,,
0.869032677,0.004540564,,
0.869379899,0.003235857,,
0.869727121,0.001806798,,
0.870074343,0.000308305,,
0.870421566,-0.001202036,,
0.870768788,-0.002666183,,
0.87111601,-0.004027871,,
0.871463232,-0.00523477,,
0.871810454,-0.006240499,,
0.872157677,-0.00700641,,
0.872504899,-0.007503068,,
0.872852121,-0.007711387,,
0.873199343,-0.007623363,,
0.873546566,-0.007242376,,
0.873893788,-0.00658307,,
0.87424101,-0.005670779,,
0.874588232,-0.004540564,,
0.874935454,-0.003235857,,
0.875282677,-0.001806798,,
0.875629899,-0.000308305,,
0.875977121,0.001202036,,
0.876324343,0.002666183,,
0.876671566,0.004027871,,
0.877018788,0.00523477,,
0.87736601,0.006240499,,
0.877713232,0.00700641,,
0.878060454,0.007503068,,
0.878407677,0.007711387,,
0.878754899,0.007623363,,
0.879102121,0.007242376,,
0.879449343,0.00658307,,
0.879796566,0.005670779,,
0.880143788,0.004540564,,
0.88049101,0.003235857,,
0.880838232,0.001806798,,
0.881185454,0.000308305,,
0.881532677,-0.001202036,,
0.881879899,-0.002666183,,
0.882227121,-0.004027871,,
0.882574343,-0.00523477,,
0.882921566,-0.006240499,,
0.883268788,-0.00700641,,
0.88361601,-0.007503068,,
0.883963232,-0.007711387,,
0.884310454,-0.007623363,,
0.884657677,-0.007242376,,
0.885004899,-0.00658307,,
0.885352121,-0.005670779,,
0.885699343,-0.004540564,,
0.886046566,-0.003235857,,
0.886393788,-0.001806798,,
0.88674101,-0.000308305,,
0.887088232,0.001202036,,
0.887435454,0.002666183,,
0.887782677,0.004027871,,
0.888129899,0.00523477,,
0.888477121,0.006240499,,
0.888824343,0.00700641,,
0.889171566,0.007503068,,
0.889518788,0.007711387,,
0.88986601,0.007623363,,
0.890213232,0.007242376,,
0.890560454,0.00658307,,
0.890907677,0.005670779,,
0.891254899,0.004540564,,
0.891602121,0.003235857,,
0.891949343,0.001806798,,
0.892296566,0.000308305,,
0.892643788,-0.001202036,,
0.89299101,-0.002666183,,
0.893338232,-0.004027871,,
0.893685454,-0.00523477,,
0.894032677,-0.006240499,,
0.894379899,-0.00700641,,
0.894727121,-0.007503068,,
0.895074343,-0.007711387,,
0.895421566,-0.007623363,,
0.895768788,-0.007242376,,
0.89611601,-0.00658307,,
0.896463232,-0.005670779,,
0.896810454,-0.004540564,,
0.897157677,-0.003235857,,
0.897504899,-0.001806798,,
0.897852121,-0.000308305,,
0.898199343,0.001202036,,
0.898546566,0.002666183,,
0.898893788,0.004027871,,
0.89924101,0.00523477,,
0.899588232,0.006240499,,
0.899935454,0.00700641,,
0.900282677,0.007503068,,
0.900629899,0.007711387,,
0.900977121,0.007623363,,
0.901324343,0.007242376,,
0.901671566,0.00658307,,
0.902018788,0.005670779,,
0.90236601,0.004540564,,
0.902713232,0.003235857,,
0.903060454,0.001806798,,
0.903407677,0.000308305,,
0.903754899,-0.001202036,,
0.904102121,-0.002666183,,
0.904449343,-0.004027871,,
0.904796566,-0.00523477,,
0.905143788,-0.006240499,,
0.90549101,-0.00700641,,
0.905838232,-0.007503068,,
0.906185454,-0.007711387,,
0.906532677,-0.007623363,,
0.906879899,-0.007242376,,
0.907227121,-0.00658307,,
0.907574343,-0.005670779,,
0.907921566,-0.004540564,,
0.908268788,-0.003235857,,
0.90861601,-0.001806798,,
0.908963232,-0.000308305,,
0.909310454,0.001202036,,
0.909657677,0.002666183,,
0.910004899,0.004027871,,
0.910352121,0.00523477,,
0.910699343,0.006240499,,
0.911046566,0.00700641,,
0.911393788,0.007503068,,
0.91174101,0.007711387,,
0.912088232,0.007623363,,
0.912435454,0.007242376,,
0.912782677,0.00658307,,
0.913129899,0.005670779,,
0.913477121,0.004540564,,
0.913824343,0.003235857,,
0.914171566,0.001806798,,
0.914518788,0.000308305,,
0.91486601,-0.001202036,,
0.915213232,-0.002666183,,
0.915560454,-0.004027871,,
0.915907677,-0.00523477,,
0.916254899,-0.006240499,,
0.916602121,-0.00700641,,
0.916949343,-0.007503068,,
0.917296566,-0.007711387,,
0.917643788,-0.007623363,,
0.91799101,-0.007242376,,
0.918338232,-0.00658307,,
0.918685454,-0.005670779,,
0.919032677,-0.004540564,,
0.919379899,-0.003235857,,
0.919727121,-0.001806798,,
0.920074343,-0.000308305,,
0.920421566,0.001202036,,
0.920768788,0.002666183,,
0.92111601,0.004027871,,
0.921463232,0.00523477,,
0.921810454,0.006240499,,
0.922157677,0.00700641,,
0.922504899,0.007503068,,
0.922852121,0.007711387,,
0.923199343,0.007623363,,
0.923546566,0.007242376,,
0.923893788,0.00658307,,
0.92424101,0.005670779,,
0.924588232,0.004540564,,
0.924935454,0.003235857,,
0.925282677,0.001806798,,
0.925629899,0.000308305,,
0.925977121,-0.001202036,,
0.926324343,-0.002666183,,
0.926671566,-0.004027871,,
0.927018788,-0.00523477,,
0.92736601,-0.006240499,,
0.927713232,-0.00700641,,
0.928060454,-0.007503068,,
0.928407677,-0.007711387,,
0.928754899,-0.007623363,,
0.929102121,-0.007242376,,
0.929449343,-0.00658307,,
0.929796566,-0.005670779,,
0.930143788,-0.004540564,,
0.93049101,-0.003235857,,
0.930838232,-0.001806798,,
0.931185454,-0.000308305,,
0.931532677,0.001202036,,
0.931879899,0.002666183,,
0.932227121,0.004027871,,
0.932574343,0.00523477,,
0.932921566,0.006240499,,
0.933268788,0.00700641,,
0.93361601,0.007503068,,
0.933963232,0.007711387,,
0.934310454,0.007623363,,
0.934657677,0.007242376,,
0.935004899,0.00658307,,
0.935352121,0.005670779,,
0.935699343,0.004540564,,
0.936046566,0.003235857,,
0.936393788,0.001806798,,
0.93674101,0.000308305,,
0.937088232,-0.001202036,,
0.937435454,-0.002666183,,
0.937782677,-0.004027871,,
0.938129899,-0.00523477,,
0.938477121,-0.006240499,,
0.938824343,-0.00700641,,
0.939171566,-0.007503068,,
0.939518788,-0.007711387,,
0.93986601,-0.007623363,,
0.940213232,-0.007242376,,
0.940560454,-0.00658307,,
0.940907677,-0.005670779,,
0.941254899,-0.004540564,,
0.941602121,-0.003235857,,
0.941949343,-0.001806798,,
0.942296566,-0.000308305,,
0.942643788,0.001202036,,
0.94299101,0.002666183,,
0.943338232,0.004027871,,
0.943685454,0.00523477,,
0.944032677,0.006240499,,
0.944379899,0.00700641,,
0.944727121,0.007503068,,
0.945074343,0.007711387,,
0.945421566,0.007623363,,
0.945768788,0.007242376,,
0.94611601,0.00658307,,
0.946463232,0.005670779,,
0.946810454,0.004540564,,
0.947157677,0.003235857,,
0.947504899,0.001806798,,
0.947852121,0.000308305,,
0.948199343,-0.001202036,,
0.948546566,-0.002666183,,
0.948893788,-0.004027871,,
0.94924101,-0.00523477,,
0.949588232,-0.006240499,,
0.949935454,-0.00700641,,
0.950282677,-0.007503068,,
0.950629899,-0.007711387,,
0.950977121,-0.007623363,,
0.951324343,-0.007242376,,
0.951671566,-0.00658307,,
0.952018788,-0.005670779,,
0.95236601,-0.004540564,,
0.952713232,-0.003235857,,
0.953060454,-0.001806798,,
0.953407677,-0.000308305,,
0.953754899,0.001202036,,
0.954102121,0.002666183,,
0.954449343,0.004027871,,
0.954796566,0.00523477,,
0.955143788,0.006240499,,
0.95549101,0.00700641,,
0.955838232,0.007503068,,
0.956185454,0.007711387,,
0.956532677,0.007623363,,
0.956879899,0.007242376,,
0.957227121,0.00658307,,
0.957574343,0.005670779,,
0.957921566,0.004540564,,
0.958268788,0.003235857,,
0.95861601,0.001806798,,
0.958963232,0.000308305,,
0.959310454,-0.001202036,,
0.959657677,-0.002666183,,
0.960004899,-0.004027871,,
0.960352121,-0.00523477,,
0.960699343,-0.006240499,,
0.961046566,-0.00700641,,
0.961393788,-0.007503068,,
0.96174101,-0.007711387,,
0.962088232,-0.007623363,,
0.962435454,-0.007242376,,
0.962782677,-0.00658307,,
0.963129899,-0.005670779,,
0.963477121,-0.004540564,,
0.963824343,-0.003235857,,
0.964171566,-0.001806798,,
0.964518788,-0.000308305,,
0.96486601,0.001202036,,
0.965213232,0.002666183,,
0.965560454,0.004027871,,
0.965907677,0.00523477,,
0.966254899,0.006240499,,
0.966602121,0.00700641,,
0.966949343,0.007503068,,
0.967296566,0.007711387,,
0.967643788,0.007623363,,
0.96799101,0.007242376,,
0.968338232,0.00658307,,
0.968685454,0.005670779,,
0.969032677,0.004540564,,
0.969379899,0.003235857,,
0.969727121,0.001806798,,
0.970074343,0.000308305,,
0.970421566,-0.001202036,,
0.970768788,-0.002666183,,
0.97111601,-0.004027871,,
0.971463232,-0.00523477,,
0.971810454,-0.006240499,,
0.972157677,-0.00700641,,
0.972504899,-0.007503068,,
0.972852121,-0.007711387,,
0.973199343,-0.007623363,,
0.973546566,-0.007242376,,
0.973893788,-0.00658307,,
0.97424101,-0.005670779,,
0.974588232,-0.004540564,,
0.974935454,-0.003235857,,
0.975282677,-0.001806798,,
0.975629899,-0.000308305,,
0.975977121,0.001202036,,
0.976324343,0.002666183,,
0.976671566,0.004027871,,
0.977018788,0.00523477,,
0.97736601,0.006240499,,
0.977713232,0.00700641,,
0.978060454,0.007503068,,
0.978407677,0.007711387,,
0.978754899,0.007623363,,
0.979102121,0.007242376,,
0.979449343,0.00658307,,
0.979796566,0.005670779,,
0.980143788,0.004540564,,
0.98049101,0.003235857,,
0.980838232,0.001806798,,
0.981185454,0.000308305,,
0.981532677,-0.001202036,,
0.981879899,-0.002666183,,
0.982227121,-0.004027871,,
0.982574343,-0.00523477,,
0.982921566,-0.006240499,,
0.983268788,-0.00700641,,
0.98361601,-0.007503068,,
0.983963232,-0.007711387,,
0.984310454,-0.007623363,,
0.984657677,-0.007242376,,
0.985004899,-0.00658307,,
0.985352121,-0.005670779,,
0.985699343,-0.004540564,,
0.986046566,-0.003235857,,
0.986393788,-0.001806798,,
0.98674101,-0.000308305,,
0.987088232,0.001202036,,
0.987435454,0.002666183,,
0.987782677,0.004027871,,
0.988129899,0.00523477,,
0.988477121,0.006240499,,
0.988824343,0.00700641,,
0.989171566,0.007503068,,
0.989518788,0.007711387,,
0.98986601,0.007623363,,
0.990213232,0.007242376,,
0.990560454,0.00658307,,
0.990907677,0.005670779,,
0.991254899,0.004540564,,
0.991602121,0.003235857,,
0.991949343,0.001806798,,
0.992296566,0.000308305,,
0.992643788,-0.001202036,,
0.99299101,-0.002666183,,
0.993338232,-0.004027871,,
0.993685454,-0.00523477,,
0.994032677,-0.006240499,,
0.994379899,-0.00700641,,
0.994727121,-0.007503068,,
0.995074343,-0.007711387,,
0.995421566,-0.007623363,,
0.995768788,-0.007242376,,
0.99611601,-0.00658307,,
0.996463232,-0.005670779,,
0.996810454,-0.004540564,,
0.997157677,-0.003235857,,
0.997504899,-0.001806798,,
0.997852121,-0.000308305,,
0.998199343,0.001202036,,
0.998546566,0.002666183,,
0.998893788,0.004027871,,
0.99924101,0.00523477,,
0.999588232,0.006240499,,
0.999935454,0.00700641,,
1.000282677,0.007503068,,
1.000629899,0.007711387,,
1.000977121,0.007623363,,
1.001324343,0.007242376,,
1.001671566,0.00658307,,
1.002018788,0.005670779,,
1.00236601,0.004540564,,
1.002713232,0.003235857,,
1.003060454,0.001806798,,
1.003407677,0.000308305,,
1.003754899,-0.001202036,,
1.004102121,-0.002666183,,
1.004449343,-0.004027871,,
1.004796566,-0.00523477,,
1.005143788,-0.006240499,,
1.00549101,-0.00700641,,
1.005838232,-0.007503068,,
1.006185454,-0.007711387,,
1.006532677,-0.007623363,,
1.006879899,-0.007242376,,
1.007227121,-0.00658307,,
1.007574343,-0.005670779,,
1.007921566,-0.004540564,,
1.008268788,-0.003235857,,
1.00861601,-0.001806798,,
1.008963232,-0.000308305,,
1.009310454,0.001202036,,
1.009657677,0.002666183,,
1.010004899,0.004027871,,
1.010352121,0.00523477,,
1.010699343,0.006240499,,
1.011046566,0.00700641,,
1.011393788,0.007503068,,
1.01174101,0.007711387,,
1.012088232,0.007623363,,
1.012435454,0.007242376,,
1.012782677,0.00658307,,
1.013129899,0.005670779,,
1.013477121,0.004540564,,
1.013824343,0.003235857,,
1.014171566,0.001806798,,
1.014518788,0.000308305,,
1.01486601,-0.001202036,,
1.015213232,-0.002666183,,
1.015560454,-0.004027871,,
1.015907677,-0.00523477,,
1.016254899,-0.006240499,,
1.016602121,-0.00700641,,
1.016949343,-0.007503068,,
1.017296566,-0.007711387,,
1.017643788,-0.007623363,,
1.01799101,-0.007242376,,
1.018338232,-0.00658307,,
1.018685454,-0.005670779,,
1.019032677,-0.004540564,,
1.019379899,-0.003235857,,
1.019727121,-0.001806798,,
1.020074343,-0.000308305,,
1.020421566,0.001202036,,
1.020768788,0.002666183,,
1.02111601,0.004027871,,
1.021463232,0.00523477,,
1.021810454,0.006240499,,
1.022157677,0.00700641,,
1.022504899,0.007503068,,
1.022852121,0.007711387,,
1.023199343,0.007623363,,
1.023546566,0.007242376,,
1.023893788,0.00658307,,
1.02424101,0.005670779,,
1.024588232,0.004540564,,
1.024935454,0.003235857,,
1.025282677,0.001806798,,
1.025629899,0.000308305,,
1.025977121,-0.001202036,,
1.026324343,-0.002666183,,
1.026671566,-0.004027871,,
1.027018788,-0.00523477,,
1.02736601,-0.006240499,,
1.027713232,-0.00700641,,
1.028060454,-0.007503068,,
1.028407677,-0.007711387,,
1.028754899,-0.007623363,,
1.029102121,-0.007242376,,
1.029449343,-0.00658307,,
1.029796566,-0.005670779,,
1.030143788,-0.004540564,,
1.03049101,-0.003235857,,
1.030838232,-0.001806798,,
1.031185454,-0.000308305,,
1.031532677,0.001202036,,
1.031879899,0.002666183,,
1.032227121,0.004027871,,
1.032574343,0.00523477,,
1.032921566,0.006240499,,
1.033268788,0.00700641,,
1.03361601,0.007503068,,
1.033963232,0.007711387,,
1.034310454,0.007623363,,
1.034657677,0.007242376,,
1.035004899,0.00658307,,
1.035352121,0.005670779,,
1.035699343,0.004540564,,
1.036046566,0.003235857,,
1.036393788,0.001806798,,
1.03674101,0.000308305,,
1.037088232,-0.001202036,,
1.037435454,-0.002666183,,
1.037782677,-0.004027871,,
1.038129899,-0.00523477,,
1.038477121,-0.006240499,,
1.038824343,-0.00700641,,
1.039171566,-0.007503068,,
1.039518788,-0.007711387,,
1.03986601,-0.007623363,,
1.040213232,-0.007242376,,
1.040560454,-0.00658307,,
1.040907677,-0.005670779,,
1.041254899,-0.004540564,,
1.041602121,-0.003235857,,
1.041949343,-0.001806798,,
1.042296566,-0.000308305,,
1.042643788,0.001202036,,
1.04299101,0.002666183,,
1.043338232,0.004027871,,
1.043685454,0.00523477,,
1.044032677,0.006240499,,
1.044379899,0.00700641,,
1.044727121,0.007503068,,
1.045074343,0.007711387,,
1.045421566,0.007623363,,
1.045768788,0.007242376,,
1.04611601,0.00658307,,
1.046463232,0.005670779,,
1.046810454,0.004540564,,
1.047157677,0.003235857,,
1.047504899,0.001806798,,
1.047852121,0.000308305,,
1.048199343,-0.001202036,,
1.048546566,-0.002666183,,
1.048893788,-0.004027871,,
1.04924101,-0.00523477,,
1.049588232,-0.006240499,,
1.049935454,-0.00700641,,
1.050282677,-0.007503068,,
1.050629899,-0.007711387,,
1.050977121,-0.007623363,,
1.051324343,-0.007242376,,
1.051671566,-0.00658307,,
1.052018788,-0.005670779,,
1.05236601,-0.004540564,,
1.052713232,-0.003235857,,
1.053060454,-0.001806798,,
1.053407677,-0.000308305,,
1.053754899,0.001202036,,
1.054102121,0.002666183,,
1.054449343,0.004027871,,
1.054796566,0.00523477,,
1.055143788,0.006240499,,
1.05549101,0.00700641,,
1.055838232,0.007503068,,
1.056185454,0.007711387,,
1.056532677,0.007623363,,
1.056879899,0.007242376,,
1.057227121,0.00658307,,
1.057574343,0.005670779,,
1.057921566,0.004540564,,
1.058268788,0.003235857,,
1.05861601,0.001806798,,
1.058963232,0.000308305,,
1.059310454,-0.001202036,,
1.059657677,-0.002666183,,
1.060004899,-0.004027871,,
1.060352121,-0.00523477,,
1.060699343,-0.006240499,,
1.061046566,-0.00700641,,
1.061393788,-0.007503068,,
1.06174101,-0.007711387,,
1.062088232,-0.007623363,,
1.062435454,-0.007242376,,
1.062782677,-0.00658307,,
1.063129899,-0.005670779,,
1.063477121,-0.004540564,,
1.063824343,-0.003235857,,
1.064171566,-0.001806798,,
1.064518788,-0.000308305,,
1.06486601,0.001202036,,
1.065213232,0.002666183,,
1.065560454,0.004027871,,
1.065907677,0.00523477,,
1.066254899,0.006240499,,
1.066602121,0.00700641,,
1.066949343,0.007503068,,
1.067296566,0.007711387,,
1.067643788,0.007623363,,
1.06799101,0.007242376,,
1.068338232,0.00658307,,
1.068685454,0.005670779,,
1.069032677,0.004540564,,
1.069379899,0.003235857,,
1.069727121,0.001806798,,
1.070074343,0.000308305,,
1.070421566,-0.001202036,,
1.070768788,-0.002666183,,
1.07111601,-0.004027871,,
1.071463232,-0.00523477,,
1.071810454,-0.006240499,,
1.072157677,-0.00700641,,
1.072504899,-0.007503068,,
1.072852121,-0.007711387,,
1.073199343,-0.007623363,,
1.073546566,-0.007242376,,
1.073893788,-0.00658307,,
1.07424101,-0.005670779,,
1.074588232,-0.004540564,,
1.074935454,-0.003235857,,
1.075282677,-0.001806798,,
1.075629899,-0.000308305,,
1.075977121,0.001202036,,
1.076324343,0.002666183,,
1.076671566,0.004027871,,
1.077018788,0.00523477,,
1.07736601,0.006240499,,
1.077713232,0.00700641,,
1.078060454,0.007503068,,
1.078407677,0.007711387,,
1.078754899,0.007623363,,
1.079102121,0.007242376,,
1.079449343,0.00658307,,
1.079796566,0.005670779,,
1.080143788,0.004540564,,
1.08049101,0.003235857,,
1.080838232,0.001806798,,
1.081185454,0.000308305,,
1.081532677,-0.001202036,,
1.081879899,-0.002666183,,
1.082227121,-0.004027871,,
1.082574343,-0.00523477,,
1.082921566,-0.006240499,,
1.083268788,-0.00700641,,
1.08361601,-0.007503068,,
1.083963232,-0.007711387,,
1.084310454,-0.007623363,,
1.084657677,-0.007242376,,
1.085004899,-0.00658307,,
1.085352121,-0.005670779,,
1.085699343,-0.004540564,,
1.086046566,-0.003235857,,
1.086393788,-0.001806798,,
1.08674101,-0.000308305,,
1.087088232,0.001202036,,
1.087435454,0.002666183,,
1.087782677,0.004027871,,
1.088129899,0.00523477,,
1.088477121,0.006240499,,
1.088824343,0.00700641,,
1.089171566,0.007503068,,
1.089518788,0.007711387,,
1.08986601,0.007623363,,
1.090213232,0.007242376,,
1.090560454,0.00658307,,
1.090907677,0.005670779,,
1.091254899,0.004540564,,
1.091602121,0.003235857,,
1.091949343,0.001806798,,
1.092296566,0.000308305,,
1.092643788,-0.001202036,,
1.09299101,-0.002666183,,
1.093338232,-0.004027871,,
1.093685454,-0.00523477,,
1.094032677,-0.006240499,,
1.094379899,-0.00700641,,
1.094727121,-0.007503068,,
1.095074343,-0.007711387,,
1.095421566,-0.007623363,,
1.095768788,-0.007242376,,
1.09611601,-0.00658307,,
1.096463232,-0.005670779,,
1.096810454,-0.004540564,,
1.097157677,-0.003235857,,
1.097504899,-0.001806798,,
1.097852121,-0.000308305,,
1.098199343,0.001202036,,
1.098546566,0.002666183,,
1.098893788,0.004027871,,
1.09924101,0.00523477,,
1.099588232,0.006240499,,
1.099935454,0.00700641,,
1.100282677,0.007503068,,
1.100629899,0.007711387,,
1.100977121,0.007623363,,
1.101324343,0.007242376,,
1.101671566,0.00658307,,
1.102018788,0.005670779,,
1.10236601,0.004540564,,
1.102713232,0.003235857,,
1.103060454,0.001806798,,
1.103407677,0.000308305,,
1.103754899,-0.001202036,,
1.104102121,-0.002666183,,
1.104449343,-0.004027871,,
1.104796566,-0.00523477,,
1.105143788,-0.006240499,,
1.10549101,-0.00700641,,
1.105838232,-0.007503068,,
1.106185454,-0.007711387,,
1.106532677,-0.007623363,,
1.106879899,-0.007242376,,
1.107227121,-0.00658307,,
1.107574343,-0.005670779,,
1.107921566,-0.004540564,,
1.108268788,-0.003235857,,
1.10861601,-0.001806798,,
1.108963232,-0.000308305,,
1.109310454,0.001202036,,
1.109657677,0.002666183,,
1.110004899,0.004027871,,
1.110352121,0.00523477,,
1.110699343,0.006240499,,
1.111046566,0.00700641,,
1.111393788,0.007503068,,
